{
  "label": "main",
  "log_file": "/Users/yongkang/Code/tempo/tempo/debug_main.log",
  "block_range": [
    21049,
    21056
  ],
  "metrics": {
    "Build Payload Time": {
      "count": 8,
      "mean": 481.6597865,
      "median": 405.3758755,
      "min": 83.7995,
      "max": 1277.406,
      "std_dev": 372.6708515638298
    },
    "Payload Delivery Lag": {
      "count": 8,
      "mean": 8.1175,
      "median": 5.532,
      "min": 2.0309999999999997,
      "max": 24.605999999999998,
      "std_dev": 7.302413730111043
    },
    "Explicit State Root Task": {
      "count": 227,
      "mean": 16.71103908370044,
      "median": 7.971584,
      "min": 0.006125,
      "max": 162.278791,
      "std_dev": 21.041025655021222
    },
    "Block Added to Canonical Chain": {
      "count": 8,
      "mean": 2251.57192725,
      "median": 2343.6900835,
      "min": 810.733167,
      "max": 3067.3350419999997,
      "std_dev": 748.1639568163639
    }
  }
}