{
  "label": "feature",
  "log_file": "debug_feature.log",
  "block_range": [
    20627,
    20637
  ],
  "metrics": {
    "Build Payload Time": {
      "count": 11,
      "mean": 318.034837,
      "median": 318.483,
      "min": 240.772916,
      "max": 404.723292,
      "std_dev": 48.85603498874529
    },
    "Explicit State Root Task": {
      "count": 132,
      "mean": 8.49571556060606,
      "median": 4.4730415,
      "min": 0.003833,
      "max": 63.391459,
      "std_dev": 9.773175280037718
    },
    "Block Added to Canonical Chain": {
      "count": 11,
      "mean": 2003.4741554545453,
      "median": 1963.035709,
      "min": 1277.200417,
      "max": 2865.275459,
      "std_dev": 513.83831319374
    },
    "Payload Delivery Lag": {
      "count": 11,
      "mean": 4.594181818181818,
      "median": 4.399,
      "min": 2.94,
      "max": 6.628,
      "std_dev": 1.1146220721107059
    }
  }
}
