parent,delegate,sponsored,policy,active,fresh,phase,bytes,gas,micro_pathusd
Secp,Secp-false,false,0,1,false,0,378,53067,637
Secp,Secp-false,false,0,1,false,1,378,51062,613
Secp,Secp-false,false,0,1,false,2,378,51062,613
Secp,Secp-false,false,0,1,true,0,378,73163,878
Secp,Secp-false,false,0,1,true,1,378,51062,613
Secp,Secp-false,false,0,1,true,2,378,51062,613
Secp,Secp-false,false,0,2,false,0,411,53955,648
Secp,Secp-false,false,0,2,false,1,411,51950,624
Secp,Secp-false,false,0,2,false,2,411,51950,624
Secp,Secp-false,false,0,4,false,0,445,54859,659
Secp,Secp-false,false,0,4,false,1,445,52854,635
Secp,Secp-false,false,0,4,false,2,445,52854,635
Secp,Secp-false,false,0,8,false,0,478,55711,669
Secp,Secp-false,false,0,8,false,1,478,53694,645
Secp,Secp-false,false,0,8,false,2,478,53694,645
Secp,Secp-false,false,0,16,false,0,511,56635,680
Secp,Secp-false,false,0,16,false,1,511,54630,656
Secp,Secp-false,false,0,16,false,2,511,54630,656
Secp,Secp-false,false,0,64,false,0,579,58499,702
Secp,Secp-false,false,0,64,false,1,579,56494,678
Secp,Secp-false,false,0,64,false,2,579,56494,678
Secp,Secp-false,false,0,256,false,0,650,60595,728
Secp,Secp-false,false,0,256,false,1,652,58550,703
Secp,Secp-false,false,0,256,false,2,652,58550,703
Secp,Secp-false,false,1,1,false,0,409,78900,947
Secp,Secp-false,false,1,1,false,1,411,76903,923
Secp,Secp-false,false,1,1,false,2,411,76903,923
Secp,Secp-false,false,1,1,true,0,409,98996,1188
Secp,Secp-false,false,1,1,true,1,411,76903,923
Secp,Secp-false,false,1,1,true,2,411,76903,923
Secp,Secp-false,false,1,2,false,0,442,81372,977
Secp,Secp-false,false,1,2,false,1,444,79399,953
Secp,Secp-false,false,1,2,false,2,444,79399,953
Secp,Secp-false,false,1,4,false,0,476,83956,1008
Secp,Secp-false,false,1,4,false,1,478,81959,984
Secp,Secp-false,false,1,4,false,2,478,81959,984
Secp,Secp-false,false,1,8,false,0,509,86452,1038
Secp,Secp-false,false,1,8,false,1,511,84455,1014
Secp,Secp-false,false,1,8,false,2,511,84455,1014
Secp,Secp-false,false,1,16,false,0,542,88996,1068
Secp,Secp-false,false,1,16,false,1,544,86999,1044
Secp,Secp-false,false,1,16,false,2,544,86987,1044
Secp,Secp-false,false,1,64,false,0,610,94524,1135
Secp,Secp-false,false,1,64,false,1,612,92539,1111
Secp,Secp-false,false,1,64,false,2,612,92539,1111
Secp,Secp-false,false,1,256,false,0,681,100212,1203
Secp,Secp-false,false,1,256,false,1,685,98455,1182
Secp,Secp-false,false,1,256,false,2,685,98455,1182
Secp,Secp-false,false,2,1,false,0,409,79100,950
Secp,Secp-false,false,2,1,false,1,411,77103,926
Secp,Secp-false,false,2,1,false,2,411,77103,926
Secp,Secp-false,false,2,1,true,0,409,99196,1191
Secp,Secp-false,false,2,1,true,1,411,77103,926
Secp,Secp-false,false,2,1,true,2,411,77103,926
Secp,Secp-false,false,2,2,false,0,442,81572,979
Secp,Secp-false,false,2,2,false,1,444,79599,956
Secp,Secp-false,false,2,2,false,2,444,79599,956
Secp,Secp-false,false,2,4,false,0,476,84144,1010
Secp,Secp-false,false,2,4,false,1,478,82147,986
Secp,Secp-false,false,2,4,false,2,478,82147,986
Secp,Secp-false,false,2,8,false,0,509,86676,1041
Secp,Secp-false,false,2,8,false,1,511,84679,1017
Secp,Secp-false,false,2,8,false,2,511,84679,1017
Secp,Secp-false,false,2,16,false,0,542,89196,1071
Secp,Secp-false,false,2,16,false,1,544,87199,1047
Secp,Secp-false,false,2,16,false,2,544,87199,1047
Secp,Secp-false,false,2,64,false,0,610,94724,1137
Secp,Secp-false,false,2,64,false,1,612,92739,1113
Secp,Secp-false,false,2,64,false,2,612,92739,1113
Secp,Secp-false,false,2,256,false,0,681,100412,1205
Secp,Secp-false,false,2,256,false,1,685,98655,1184
Secp,Secp-false,false,2,256,false,2,685,98655,1184
Secp,Secp-false,false,3,1,false,0,487,83400,1001
Secp,Secp-false,false,3,1,false,1,489,81379,977
Secp,Secp-false,false,3,1,false,2,489,81379,977
Secp,Secp-false,false,3,1,true,0,487,103496,1242
Secp,Secp-false,false,3,1,true,1,489,81379,977
Secp,Secp-false,false,3,1,true,2,489,81379,977
Secp,Secp-false,false,3,2,false,0,520,85920,1032
Secp,Secp-false,false,3,2,false,1,522,83899,1007
Secp,Secp-false,false,3,2,false,2,522,83899,1007
Secp,Secp-false,false,3,4,false,0,554,88456,1062
Secp,Secp-false,false,3,4,false,1,556,86435,1038
Secp,Secp-false,false,3,4,false,2,556,86435,1038
Secp,Secp-false,false,3,8,false,0,587,90964,1092
Secp,Secp-false,false,3,8,false,1,589,88931,1068
Secp,Secp-false,false,3,8,false,2,589,88943,1068
Secp,Secp-false,false,3,16,false,0,620,93460,1122
Secp,Secp-false,false,3,16,false,1,622,91439,1098
Secp,Secp-false,false,3,16,false,2,622,91439,1098
Secp,Secp-false,false,3,64,false,0,688,98568,1183
Secp,Secp-false,false,3,64,false,1,690,96547,1159
Secp,Secp-false,false,3,64,false,2,690,96547,1159
Secp,Secp-false,false,3,256,false,0,759,103760,1246
Secp,Secp-false,false,3,256,false,1,763,101699,1221
Secp,Secp-false,false,3,256,false,2,763,101699,1221
Secp,Secp-false,true,0,1,false,0,378,57767,694
Secp,Secp-false,true,0,1,false,1,378,55762,670
Secp,Secp-false,true,0,1,false,2,378,55762,670
Secp,Secp-false,true,0,1,true,0,378,77863,935
Secp,Secp-false,true,0,1,true,1,378,55762,670
Secp,Secp-false,true,0,1,true,2,378,55762,670
Secp,Secp-false,true,0,2,false,0,411,58655,704
Secp,Secp-false,true,0,2,false,1,411,56650,680
Secp,Secp-false,true,0,2,false,2,411,56650,680
Secp,Secp-false,true,0,4,false,0,445,59559,715
Secp,Secp-false,true,0,4,false,1,445,57554,691
Secp,Secp-false,true,0,4,false,2,445,57554,691
Secp,Secp-false,true,0,8,false,0,478,60411,725
Secp,Secp-false,true,0,8,false,1,478,58394,701
Secp,Secp-false,true,0,8,false,2,478,58394,701
Secp,Secp-false,true,0,16,false,0,511,61335,737
Secp,Secp-false,true,0,16,false,1,511,59330,712
Secp,Secp-false,true,0,16,false,2,511,59330,712
Secp,Secp-false,true,0,64,false,0,579,63199,759
Secp,Secp-false,true,0,64,false,1,579,61194,735
Secp,Secp-false,true,0,64,false,2,579,61194,735
Secp,Secp-false,true,0,256,false,0,650,65295,784
Secp,Secp-false,true,0,256,false,1,652,63250,759
Secp,Secp-false,true,0,256,false,2,652,63250,759
Secp,Secp-false,true,1,1,false,0,409,63168,759
Secp,Secp-false,true,1,1,false,1,409,61127,734
Secp,Secp-false,true,1,1,false,2,409,61139,734
Secp,Secp-false,true,1,1,true,0,409,83264,1000
Secp,Secp-false,true,1,1,true,1,409,61127,734
Secp,Secp-false,true,1,1,true,2,409,61139,734
Secp,Secp-false,true,1,2,false,0,442,64388,773
Secp,Secp-false,true,1,2,false,1,442,62383,749
Secp,Secp-false,true,1,2,false,2,442,62383,749
Secp,Secp-false,true,1,4,false,0,476,65720,789
Secp,Secp-false,true,1,4,false,1,476,63691,765
Secp,Secp-false,true,1,4,false,2,476,63691,765
Secp,Secp-false,true,1,8,false,0,509,66964,804
Secp,Secp-false,true,1,8,false,1,509,64935,780
Secp,Secp-false,true,1,8,false,2,509,64935,780
Secp,Secp-false,true,1,16,false,0,542,68256,820
Secp,Secp-false,true,1,16,false,1,542,66227,795
Secp,Secp-false,true,1,16,false,2,542,66227,795
Secp,Secp-false,true,1,64,false,0,610,70880,851
Secp,Secp-false,true,1,64,false,1,610,68851,827
Secp,Secp-false,true,1,64,false,2,610,68863,827
Secp,Secp-false,true,1,256,false,0,681,73604,884
Secp,Secp-false,true,1,256,false,1,683,71535,859
Secp,Secp-false,true,1,256,false,2,683,71535,859
Secp,Secp-false,true,2,1,false,0,409,63268,760
Secp,Secp-false,true,2,1,false,1,409,61239,735
Secp,Secp-false,true,2,1,false,2,409,61239,735
Secp,Secp-false,true,2,1,true,0,409,83364,1001
Secp,Secp-false,true,2,1,true,1,409,61239,735
Secp,Secp-false,true,2,1,true,2,409,61239,735
Secp,Secp-false,true,2,2,false,0,442,64488,774
Secp,Secp-false,true,2,2,false,1,442,62483,750
Secp,Secp-false,true,2,2,false,2,442,62483,750
Secp,Secp-false,true,2,4,false,0,476,65808,790
Secp,Secp-false,true,2,4,false,1,476,63779,766
Secp,Secp-false,true,2,4,false,2,476,63779,766
Secp,Secp-false,true,2,8,false,0,509,67088,806
Secp,Secp-false,true,2,8,false,1,509,65059,781
Secp,Secp-false,true,2,8,false,2,509,65059,781
Secp,Secp-false,true,2,16,false,0,542,68356,821
Secp,Secp-false,true,2,16,false,1,542,66327,796
Secp,Secp-false,true,2,16,false,2,542,66327,796
Secp,Secp-false,true,2,64,false,0,610,70980,852
Secp,Secp-false,true,2,64,false,1,610,68963,828
Secp,Secp-false,true,2,64,false,2,610,68963,828
Secp,Secp-false,true,2,256,false,0,681,73704,885
Secp,Secp-false,true,2,256,false,1,683,71635,860
Secp,Secp-false,true,2,256,false,2,683,71635,860
Secp,Secp-false,true,3,1,false,0,487,64828,778
Secp,Secp-false,true,3,1,false,1,487,62775,754
Secp,Secp-false,true,3,1,false,2,487,62775,754
Secp,Secp-false,true,3,1,true,0,487,84924,1020
Secp,Secp-false,true,3,1,true,1,487,62775,754
Secp,Secp-false,true,3,1,true,2,487,62775,754
Secp,Secp-false,true,3,2,false,0,520,66096,794
Secp,Secp-false,true,3,2,false,1,520,64043,769
Secp,Secp-false,true,3,2,false,2,520,64043,769
Secp,Secp-false,true,3,4,false,0,554,67380,809
Secp,Secp-false,true,3,4,false,1,554,65303,784
Secp,Secp-false,true,3,4,false,2,554,65327,784
Secp,Secp-false,true,3,8,false,0,587,68636,824
Secp,Secp-false,true,3,8,false,1,587,66583,799
Secp,Secp-false,true,3,8,false,2,587,66583,799
Secp,Secp-false,true,3,16,false,0,620,69880,839
Secp,Secp-false,true,3,16,false,1,620,67827,814
Secp,Secp-false,true,3,16,false,2,620,67827,814
Secp,Secp-false,true,3,64,false,0,688,72484,870
Secp,Secp-false,true,3,64,false,1,688,70431,846
Secp,Secp-false,true,3,64,false,2,688,70431,846
Secp,Secp-false,true,3,256,false,0,759,75172,903
Secp,Secp-false,true,3,256,false,1,761,73079,877
Secp,Secp-false,true,3,256,false,2,761,73079,877
Secp,Secp-true,false,0,1,false,0,378,57075,685
Secp,Secp-true,false,0,1,false,1,378,55070,661
Secp,Secp-true,false,0,1,false,2,378,55070,661
Secp,Secp-true,false,0,1,true,0,378,77171,927
Secp,Secp-true,false,0,1,true,1,378,55070,661
Secp,Secp-true,false,0,1,true,2,378,55070,661
Secp,Secp-true,false,0,2,false,0,411,57963,696
Secp,Secp-true,false,0,2,false,1,411,55946,672
Secp,Secp-true,false,0,2,false,2,411,55946,672
Secp,Secp-true,false,0,4,false,0,445,58867,707
Secp,Secp-true,false,0,4,false,1,445,56850,683
Secp,Secp-true,false,0,4,false,2,445,56850,683
Secp,Secp-true,false,0,8,false,0,478,59731,717
Secp,Secp-true,false,0,8,false,1,478,57714,693
Secp,Secp-true,false,0,8,false,2,478,57714,693
Secp,Secp-true,false,0,16,false,0,511,60643,728
Secp,Secp-true,false,0,16,false,1,511,58638,704
Secp,Secp-true,false,0,16,false,2,511,58638,704
Secp,Secp-true,false,0,64,false,0,579,62519,751
Secp,Secp-true,false,0,64,false,1,579,60514,727
Secp,Secp-true,false,0,64,false,2,579,60514,727
Secp,Secp-true,false,0,256,false,0,650,64603,776
Secp,Secp-true,false,0,256,false,1,652,62558,751
Secp,Secp-true,false,0,256,false,2,652,62558,751
Secp,Secp-true,false,1,1,false,0,409,82908,995
Secp,Secp-true,false,1,1,false,1,411,80911,971
Secp,Secp-true,false,1,1,false,2,411,80911,971
Secp,Secp-true,false,1,1,true,0,409,103004,1237
Secp,Secp-true,false,1,1,true,1,411,80911,971
Secp,Secp-true,false,1,1,true,2,411,80911,971
Secp,Secp-true,false,1,2,false,0,442,85380,1025
Secp,Secp-true,false,1,2,false,1,444,83407,1001
Secp,Secp-true,false,1,2,false,2,444,83407,1001
Secp,Secp-true,false,1,4,false,0,476,87964,1056
Secp,Secp-true,false,1,4,false,1,478,85967,1032
Secp,Secp-true,false,1,4,false,2,478,85967,1032
Secp,Secp-true,false,1,8,false,0,509,90472,1086
Secp,Secp-true,false,1,8,false,1,511,88463,1062
Secp,Secp-true,false,1,8,false,2,511,88475,1062
Secp,Secp-true,false,1,16,false,0,542,93004,1117
Secp,Secp-true,false,1,16,false,1,544,91007,1093
Secp,Secp-true,false,1,16,false,2,544,91007,1093
Secp,Secp-true,false,1,64,false,0,610,98532,1183
Secp,Secp-true,false,1,64,false,1,612,96547,1159
Secp,Secp-true,false,1,64,false,2,612,96547,1159
Secp,Secp-true,false,1,256,false,0,681,104220,1251
Secp,Secp-true,false,1,256,false,1,685,102463,1230
Secp,Secp-true,false,1,256,false,2,685,102463,1230
Secp,Secp-true,false,2,1,false,0,409,83096,998
Secp,Secp-true,false,2,1,false,1,411,81099,974
Secp,Secp-true,false,2,1,false,2,411,81099,974
Secp,Secp-true,false,2,1,true,0,409,103192,1239
Secp,Secp-true,false,2,1,true,1,411,81099,974
Secp,Secp-true,false,2,1,true,2,411,81099,974
Secp,Secp-true,false,2,2,false,0,442,85580,1027
Secp,Secp-true,false,2,2,false,1,444,83607,1004
Secp,Secp-true,false,2,2,false,2,444,83607,1004
Secp,Secp-true,false,2,4,false,0,476,88164,1058
Secp,Secp-true,false,2,4,false,1,478,86155,1034
Secp,Secp-true,false,2,4,false,2,478,86167,1035
Secp,Secp-true,false,2,8,false,0,509,90672,1089
Secp,Secp-true,false,2,8,false,1,511,88675,1065
Secp,Secp-true,false,2,8,false,2,511,88675,1065
Secp,Secp-true,false,2,16,false,0,542,93204,1119
Secp,Secp-true,false,2,16,false,1,544,91195,1095
Secp,Secp-true,false,2,16,false,2,544,91195,1095
Secp,Secp-true,false,2,64,false,0,610,98720,1185
Secp,Secp-true,false,2,64,false,1,612,96723,1161
Secp,Secp-true,false,2,64,false,2,612,96735,1161
Secp,Secp-true,false,2,256,false,0,681,104420,1254
Secp,Secp-true,false,2,256,false,1,685,102663,1232
Secp,Secp-true,false,2,256,false,2,685,102663,1232
Secp,Secp-true,false,3,1,false,0,487,87408,1049
Secp,Secp-true,false,3,1,false,1,489,85375,1025
Secp,Secp-true,false,3,1,false,2,489,85387,1025
Secp,Secp-true,false,3,1,true,0,487,107504,1291
Secp,Secp-true,false,3,1,true,1,489,85387,1025
Secp,Secp-true,false,3,1,true,2,489,85363,1025
Secp,Secp-true,false,3,2,false,0,520,89928,1080
Secp,Secp-true,false,3,2,false,1,522,87907,1055
Secp,Secp-true,false,3,2,false,2,522,87907,1055
Secp,Secp-true,false,3,4,false,0,554,92464,1110
Secp,Secp-true,false,3,4,false,1,556,90431,1086
Secp,Secp-true,false,3,4,false,2,556,90443,1086
Secp,Secp-true,false,3,8,false,0,587,94960,1140
Secp,Secp-true,false,3,8,false,1,589,92927,1116
Secp,Secp-true,false,3,8,false,2,589,92939,1116
Secp,Secp-true,false,3,16,false,0,620,97468,1170
Secp,Secp-true,false,3,16,false,1,622,95447,1146
Secp,Secp-true,false,3,16,false,2,622,95447,1146
Secp,Secp-true,false,3,64,false,0,688,102576,1231
Secp,Secp-true,false,3,64,false,1,690,100555,1207
Secp,Secp-true,false,3,64,false,2,690,100555,1207
Secp,Secp-true,false,3,256,false,0,759,107756,1294
Secp,Secp-true,false,3,256,false,1,763,105683,1269
Secp,Secp-true,false,3,256,false,2,763,105695,1269
Secp,Secp-true,true,0,1,false,0,378,61775,742
Secp,Secp-true,true,0,1,false,1,378,59770,718
Secp,Secp-true,true,0,1,false,2,378,59770,718
Secp,Secp-true,true,0,1,true,0,378,81871,983
Secp,Secp-true,true,0,1,true,1,378,59770,718
Secp,Secp-true,true,0,1,true,2,378,59770,718
Secp,Secp-true,true,0,2,false,0,411,62663,752
Secp,Secp-true,true,0,2,false,1,411,60646,728
Secp,Secp-true,true,0,2,false,2,411,60646,728
Secp,Secp-true,true,0,4,false,0,445,63567,763
Secp,Secp-true,true,0,4,false,1,445,61550,739
Secp,Secp-true,true,0,4,false,2,445,61550,739
Secp,Secp-true,true,0,8,false,0,478,64431,774
Secp,Secp-true,true,0,8,false,1,478,62414,749
Secp,Secp-true,true,0,8,false,2,478,62414,749
Secp,Secp-true,true,0,16,false,0,511,65343,785
Secp,Secp-true,true,0,16,false,1,511,63338,761
Secp,Secp-true,true,0,16,false,2,511,63338,761
Secp,Secp-true,true,0,64,false,0,579,67219,807
Secp,Secp-true,true,0,64,false,1,579,65214,783
Secp,Secp-true,true,0,64,false,2,579,65214,783
Secp,Secp-true,true,0,256,false,0,650,69303,832
Secp,Secp-true,true,0,256,false,1,652,67258,808
Secp,Secp-true,true,0,256,false,2,652,67258,808
Secp,Secp-true,true,1,1,false,0,409,67176,807
Secp,Secp-true,true,1,1,false,1,409,65147,782
Secp,Secp-true,true,1,1,false,2,409,65147,782
Secp,Secp-true,true,1,1,true,0,409,87272,1048
Secp,Secp-true,true,1,1,true,1,409,65147,782
Secp,Secp-true,true,1,1,true,2,409,65147,782
Secp,Secp-true,true,1,2,false,0,442,68396,821
Secp,Secp-true,true,1,2,false,1,442,66379,797
Secp,Secp-true,true,1,2,false,2,442,66391,797
Secp,Secp-true,true,1,4,false,0,476,69728,837
Secp,Secp-true,true,1,4,false,1,476,67699,813
Secp,Secp-true,true,1,4,false,2,476,67699,813
Secp,Secp-true,true,1,8,false,0,509,70984,852
Secp,Secp-true,true,1,8,false,1,509,68955,828
Secp,Secp-true,true,1,8,false,2,509,68955,828
Secp,Secp-true,true,1,16,false,0,542,72264,868
Secp,Secp-true,true,1,16,false,1,542,70235,843
Secp,Secp-true,true,1,16,false,2,542,70235,843
Secp,Secp-true,true,1,64,false,0,610,74888,899
Secp,Secp-true,true,1,64,false,1,610,72871,875
Secp,Secp-true,true,1,64,false,2,610,72871,875
Secp,Secp-true,true,1,256,false,0,681,77612,932
Secp,Secp-true,true,1,256,false,1,683,75543,907
Secp,Secp-true,true,1,256,false,2,683,75543,907
Secp,Secp-true,true,2,1,false,0,409,67264,808
Secp,Secp-true,true,2,1,false,1,409,65235,783
Secp,Secp-true,true,2,1,false,2,409,65235,783
Secp,Secp-true,true,2,1,true,0,409,87360,1049
Secp,Secp-true,true,2,1,true,1,409,65235,783
Secp,Secp-true,true,2,1,true,2,409,65235,783
Secp,Secp-true,true,2,2,false,0,442,68496,822
Secp,Secp-true,true,2,2,false,1,442,66491,798
Secp,Secp-true,true,2,2,false,2,442,66491,798
Secp,Secp-true,true,2,4,false,0,476,69828,838
Secp,Secp-true,true,2,4,false,1,476,67787,814
Secp,Secp-true,true,2,4,false,2,476,67799,814
Secp,Secp-true,true,2,8,false,0,509,71084,854
Secp,Secp-true,true,2,8,false,1,509,69055,829
Secp,Secp-true,true,2,8,false,2,509,69055,829
Secp,Secp-true,true,2,16,false,0,542,72364,869
Secp,Secp-true,true,2,16,false,1,542,70335,845
Secp,Secp-true,true,2,16,false,2,542,70335,845
Secp,Secp-true,true,2,64,false,0,610,74976,900
Secp,Secp-true,true,2,64,false,1,610,72959,876
Secp,Secp-true,true,2,64,false,2,610,72959,876
Secp,Secp-true,true,2,256,false,0,681,77712,933
Secp,Secp-true,true,2,256,false,1,683,75643,908
Secp,Secp-true,true,2,256,false,2,683,75643,908
Secp,Secp-true,true,3,1,false,0,487,68836,827
Secp,Secp-true,true,3,1,false,1,487,66783,802
Secp,Secp-true,true,3,1,false,2,487,66783,802
Secp,Secp-true,true,3,1,true,0,487,88932,1068
Secp,Secp-true,true,3,1,true,1,487,66783,802
Secp,Secp-true,true,3,1,true,2,487,66783,802
Secp,Secp-true,true,3,2,false,0,520,70104,842
Secp,Secp-true,true,3,2,false,1,520,68051,817
Secp,Secp-true,true,3,2,false,2,520,68051,817
Secp,Secp-true,true,3,4,false,0,554,71388,857
Secp,Secp-true,true,3,4,false,1,554,69335,833
Secp,Secp-true,true,3,4,false,2,554,69323,832
Secp,Secp-true,true,3,8,false,0,587,72632,872
Secp,Secp-true,true,3,8,false,1,587,70579,847
Secp,Secp-true,true,3,8,false,2,587,70579,847
Secp,Secp-true,true,3,16,false,0,620,73888,887
Secp,Secp-true,true,3,16,false,1,620,71835,863
Secp,Secp-true,true,3,16,false,2,620,71835,863
Secp,Secp-true,true,3,64,false,0,688,76492,918
Secp,Secp-true,true,3,64,false,1,688,74439,894
Secp,Secp-true,true,3,64,false,2,688,74439,894
Secp,Secp-true,true,3,256,false,0,759,79168,951
Secp,Secp-true,true,3,256,false,1,761,77063,925
Secp,Secp-true,true,3,256,false,2,761,77075,925
Secp,P256-false,false,0,1,false,0,378,58055,697
Secp,P256-false,false,0,1,false,1,378,56050,673
Secp,P256-false,false,0,1,false,2,378,56050,673
Secp,P256-false,false,0,1,true,0,378,78151,938
Secp,P256-false,false,0,1,true,1,378,56050,673
Secp,P256-false,false,0,1,true,2,378,56050,673
Secp,P256-false,false,0,2,false,0,411,58955,708
Secp,P256-false,false,0,2,false,1,411,56950,684
Secp,P256-false,false,0,2,false,2,411,56950,684
Secp,P256-false,false,0,4,false,0,445,59859,719
Secp,P256-false,false,0,4,false,1,445,57854,695
Secp,P256-false,false,0,4,false,2,445,57854,695
Secp,P256-false,false,0,8,false,0,478,60711,729
Secp,P256-false,false,0,8,false,1,478,58706,705
Secp,P256-false,false,0,8,false,2,478,58706,705
Secp,P256-false,false,0,16,false,0,511,61623,740
Secp,P256-false,false,0,16,false,1,511,59606,716
Secp,P256-false,false,0,16,false,2,511,59606,716
Secp,P256-false,false,0,64,false,0,579,63511,763
Secp,P256-false,false,0,64,false,1,579,61506,739
Secp,P256-false,false,0,64,false,2,579,61506,739
Secp,P256-false,false,0,256,false,0,650,65595,788
Secp,P256-false,false,0,256,false,1,652,63550,763
Secp,P256-false,false,0,256,false,2,652,63550,763
Secp,P256-false,false,1,1,false,0,409,83900,1007
Secp,P256-false,false,1,1,false,1,411,81903,983
Secp,P256-false,false,1,1,false,2,411,81903,983
Secp,P256-false,false,1,1,true,0,409,103996,1248
Secp,P256-false,false,1,1,true,1,411,81903,983
Secp,P256-false,false,1,1,true,2,411,81903,983
Secp,P256-false,false,1,2,false,0,442,86372,1037
Secp,P256-false,false,1,2,false,1,444,84399,1013
Secp,P256-false,false,1,2,false,2,444,84399,1013
Secp,P256-false,false,1,4,false,0,476,88956,1068
Secp,P256-false,false,1,4,false,1,478,86959,1044
Secp,P256-false,false,1,4,false,2,478,86959,1044
Secp,P256-false,false,1,8,false,0,509,91476,1098
Secp,P256-false,false,1,8,false,1,511,89479,1074
Secp,P256-false,false,1,8,false,2,511,89479,1074
Secp,P256-false,false,1,16,false,0,542,93996,1128
Secp,P256-false,false,1,16,false,1,544,91999,1104
Secp,P256-false,false,1,16,false,2,544,91987,1104
Secp,P256-false,false,1,64,false,0,610,99512,1195
Secp,P256-false,false,1,64,false,1,612,97527,1171
Secp,P256-false,false,1,64,false,2,612,97527,1171
Secp,P256-false,false,1,256,false,0,681,105212,1263
Secp,P256-false,false,1,256,false,1,685,103443,1242
Secp,P256-false,false,1,256,false,2,685,103455,1242
Secp,P256-false,false,2,1,false,0,409,84100,1010
Secp,P256-false,false,2,1,false,1,411,82103,986
Secp,P256-false,false,2,1,false,2,411,82103,986
Secp,P256-false,false,2,1,true,0,409,104196,1251
Secp,P256-false,false,2,1,true,1,411,82103,986
Secp,P256-false,false,2,1,true,2,411,82103,986
Secp,P256-false,false,2,2,false,0,442,86572,1039
Secp,P256-false,false,2,2,false,1,444,84587,1016
Secp,P256-false,false,2,2,false,2,444,84599,1016
Secp,P256-false,false,2,4,false,0,476,89156,1070
Secp,P256-false,false,2,4,false,1,478,87159,1046
Secp,P256-false,false,2,4,false,2,478,87159,1046
Secp,P256-false,false,2,8,false,0,509,91664,1100
Secp,P256-false,false,2,8,false,1,511,89667,1077
Secp,P256-false,false,2,8,false,2,511,89667,1077
Secp,P256-false,false,2,16,false,0,542,94184,1131
Secp,P256-false,false,2,16,false,1,544,92187,1107
Secp,P256-false,false,2,16,false,2,544,92187,1107
Secp,P256-false,false,2,64,false,0,610,99724,1197
Secp,P256-false,false,2,64,false,1,612,97727,1173
Secp,P256-false,false,2,64,false,2,612,97739,1173
Secp,P256-false,false,2,256,false,0,681,105412,1265
Secp,P256-false,false,2,256,false,1,685,103655,1244
Secp,P256-false,false,2,256,false,2,685,103655,1244
Secp,P256-false,false,3,1,false,0,487,88400,1061
Secp,P256-false,false,3,1,false,1,489,86379,1037
Secp,P256-false,false,3,1,false,2,489,86379,1037
Secp,P256-false,false,3,1,true,0,487,108496,1302
Secp,P256-false,false,3,1,true,1,489,86379,1037
Secp,P256-false,false,3,1,true,2,489,86379,1037
Secp,P256-false,false,3,2,false,0,520,90920,1092
Secp,P256-false,false,3,2,false,1,522,88899,1067
Secp,P256-false,false,3,2,false,2,522,88899,1067
Secp,P256-false,false,3,4,false,0,554,93456,1122
Secp,P256-false,false,3,4,false,1,556,91435,1098
Secp,P256-false,false,3,4,false,2,556,91435,1098
Secp,P256-false,false,3,8,false,0,587,95964,1152
Secp,P256-false,false,3,8,false,1,589,93943,1128
Secp,P256-false,false,3,8,false,2,589,93943,1128
Secp,P256-false,false,3,16,false,0,620,98460,1182
Secp,P256-false,false,3,16,false,1,622,96439,1158
Secp,P256-false,false,3,16,false,2,622,96439,1158
Secp,P256-false,false,3,64,false,0,688,103568,1243
Secp,P256-false,false,3,64,false,1,690,101535,1219
Secp,P256-false,false,3,64,false,2,690,101547,1219
Secp,P256-false,false,3,256,false,0,759,108760,1306
Secp,P256-false,false,3,256,false,1,763,106699,1281
Secp,P256-false,false,3,256,false,2,763,106699,1281
Secp,P256-false,true,0,1,false,0,378,62755,754
Secp,P256-false,true,0,1,false,1,378,60750,729
Secp,P256-false,true,0,1,false,2,378,60750,729
Secp,P256-false,true,0,1,true,0,378,82851,995
Secp,P256-false,true,0,1,true,1,378,60750,729
Secp,P256-false,true,0,1,true,2,378,60750,729
Secp,P256-false,true,0,2,false,0,411,63655,764
Secp,P256-false,true,0,2,false,1,411,61650,740
Secp,P256-false,true,0,2,false,2,411,61650,740
Secp,P256-false,true,0,4,false,0,445,64559,775
Secp,P256-false,true,0,4,false,1,445,62554,751
Secp,P256-false,true,0,4,false,2,445,62554,751
Secp,P256-false,true,0,8,false,0,478,65411,785
Secp,P256-false,true,0,8,false,1,478,63406,761
Secp,P256-false,true,0,8,false,2,478,63406,761
Secp,P256-false,true,0,16,false,0,511,66323,796
Secp,P256-false,true,0,16,false,1,511,64306,772
Secp,P256-false,true,0,16,false,2,511,64306,772
Secp,P256-false,true,0,64,false,0,579,68211,819
Secp,P256-false,true,0,64,false,1,579,66206,795
Secp,P256-false,true,0,64,false,2,579,66206,795
Secp,P256-false,true,0,256,false,0,650,70295,844
Secp,P256-false,true,0,256,false,1,652,68250,819
Secp,P256-false,true,0,256,false,2,652,68250,819
Secp,P256-false,true,1,1,false,0,409,68168,819
Secp,P256-false,true,1,1,false,1,409,66139,794
Secp,P256-false,true,1,1,false,2,409,66139,794
Secp,P256-false,true,1,1,true,0,409,88264,1060
Secp,P256-false,true,1,1,true,1,409,66139,794
Secp,P256-false,true,1,1,true,2,409,66139,794
Secp,P256-false,true,1,2,false,0,442,69388,833
Secp,P256-false,true,1,2,false,1,442,67383,809
Secp,P256-false,true,1,2,false,2,442,67383,809
Secp,P256-false,true,1,4,false,0,476,70720,849
Secp,P256-false,true,1,4,false,1,476,68691,825
Secp,P256-false,true,1,4,false,2,476,68691,825
Secp,P256-false,true,1,8,false,0,509,71988,864
Secp,P256-false,true,1,8,false,1,509,69959,840
Secp,P256-false,true,1,8,false,2,509,69959,840
Secp,P256-false,true,1,16,false,0,542,73256,880
Secp,P256-false,true,1,16,false,1,542,71227,855
Secp,P256-false,true,1,16,false,2,542,71227,855
Secp,P256-false,true,1,64,false,0,610,75868,911
Secp,P256-false,true,1,64,false,1,610,73851,887
Secp,P256-false,true,1,64,false,2,610,73851,887
Secp,P256-false,true,1,256,false,0,681,78604,944
Secp,P256-false,true,1,256,false,1,683,76535,919
Secp,P256-false,true,1,256,false,2,683,76535,919
Secp,P256-false,true,2,1,false,0,409,68268,820
Secp,P256-false,true,2,1,false,1,409,66239,795
Secp,P256-false,true,2,1,false,2,409,66239,795
Secp,P256-false,true,2,1,true,0,409,88364,1061
Secp,P256-false,true,2,1,true,1,409,66239,795
Secp,P256-false,true,2,1,true,2,409,66239,795
Secp,P256-false,true,2,2,false,0,442,69488,834
Secp,P256-false,true,2,2,false,1,442,67471,810
Secp,P256-false,true,2,2,false,2,442,67483,810
Secp,P256-false,true,2,4,false,0,476,70820,850
Secp,P256-false,true,2,4,false,1,476,68791,826
Secp,P256-false,true,2,4,false,2,476,68779,826
Secp,P256-false,true,2,8,false,0,509,72076,865
Secp,P256-false,true,2,8,false,1,509,70047,841
Secp,P256-false,true,2,8,false,2,509,70047,841
Secp,P256-false,true,2,16,false,0,542,73344,881
Secp,P256-false,true,2,16,false,1,542,71315,856
Secp,P256-false,true,2,16,false,2,542,71315,856
Secp,P256-false,true,2,64,false,0,610,75980,912
Secp,P256-false,true,2,64,false,1,610,73951,888
Secp,P256-false,true,2,64,false,2,610,73963,888
Secp,P256-false,true,2,256,false,0,681,78704,945
Secp,P256-false,true,2,256,false,1,683,76635,920
Secp,P256-false,true,2,256,false,2,683,76635,920
Secp,P256-false,true,3,1,false,0,487,69828,838
Secp,P256-false,true,3,1,false,1,487,67775,814
Secp,P256-false,true,3,1,false,2,487,67763,814
Secp,P256-false,true,3,1,true,0,487,89924,1080
Secp,P256-false,true,3,1,true,1,487,67775,814
Secp,P256-false,true,3,1,true,2,487,67763,814
Secp,P256-false,true,3,2,false,0,520,71096,854
Secp,P256-false,true,3,2,false,1,520,69043,829
Secp,P256-false,true,3,2,false,2,520,69043,829
Secp,P256-false,true,3,4,false,0,554,72380,869
Secp,P256-false,true,3,4,false,1,554,70327,844
Secp,P256-false,true,3,4,false,2,554,70327,844
Secp,P256-false,true,3,8,false,0,587,73636,884
Secp,P256-false,true,3,8,false,1,587,71583,859
Secp,P256-false,true,3,8,false,2,587,71583,859
Secp,P256-false,true,3,16,false,0,620,74880,899
Secp,P256-false,true,3,16,false,1,620,72827,874
Secp,P256-false,true,3,16,false,2,620,72827,874
Secp,P256-false,true,3,64,false,0,688,77484,930
Secp,P256-false,true,3,64,false,1,688,75431,906
Secp,P256-false,true,3,64,false,2,688,75431,906
Secp,P256-false,true,3,256,false,0,759,80172,963
Secp,P256-false,true,3,256,false,1,761,78079,937
Secp,P256-false,true,3,256,false,2,761,78079,937
Secp,P256-true,false,0,1,false,0,378,62051,745
Secp,P256-true,false,0,1,false,1,378,60046,721
Secp,P256-true,false,0,1,false,2,378,60046,721
Secp,P256-true,false,0,1,true,0,378,82147,986
Secp,P256-true,false,0,1,true,1,378,60046,721
Secp,P256-true,false,0,1,true,2,378,60046,721
Secp,P256-true,false,0,2,false,0,411,62963,756
Secp,P256-true,false,0,2,false,1,411,60958,732
Secp,P256-true,false,0,2,false,2,411,60958,732
Secp,P256-true,false,0,4,false,0,445,63867,767
Secp,P256-true,false,0,4,false,1,445,61850,743
Secp,P256-true,false,0,4,false,2,445,61850,743
Secp,P256-true,false,0,8,false,0,478,64731,777
Secp,P256-true,false,0,8,false,1,478,62726,753
Secp,P256-true,false,0,8,false,2,478,62726,753
Secp,P256-true,false,0,16,false,0,511,65643,788
Secp,P256-true,false,0,16,false,1,511,63638,764
Secp,P256-true,false,0,16,false,2,511,63638,764
Secp,P256-true,false,0,64,false,0,579,67519,811
Secp,P256-true,false,0,64,false,1,579,65514,787
Secp,P256-true,false,0,64,false,2,579,65514,787
Secp,P256-true,false,0,256,false,0,650,69603,836
Secp,P256-true,false,0,256,false,1,652,67558,811
Secp,P256-true,false,0,256,false,2,652,67558,811
Secp,P256-true,false,1,1,false,0,409,87884,1055
Secp,P256-true,false,1,1,false,1,411,85887,1031
Secp,P256-true,false,1,1,false,2,411,85887,1031
Secp,P256-true,false,1,1,true,0,409,107980,1296
Secp,P256-true,false,1,1,true,1,411,85887,1031
Secp,P256-true,false,1,1,true,2,411,85887,1031
Secp,P256-true,false,1,2,false,0,442,90368,1085
Secp,P256-true,false,1,2,false,1,444,88395,1061
Secp,P256-true,false,1,2,false,2,444,88395,1061
Secp,P256-true,false,1,4,false,0,476,92964,1116
Secp,P256-true,false,1,4,false,1,478,90967,1092
Secp,P256-true,false,1,4,false,2,478,90967,1092
Secp,P256-true,false,1,8,false,0,509,95484,1146
Secp,P256-true,false,1,8,false,1,511,93487,1122
Secp,P256-true,false,1,8,false,2,511,93487,1122
Secp,P256-true,false,1,16,false,0,542,98004,1177
Secp,P256-true,false,1,16,false,1,544,96007,1153
Secp,P256-true,false,1,16,false,2,544,95995,1152
Secp,P256-true,false,1,64,false,0,610,103532,1243
Secp,P256-true,false,1,64,false,1,612,101547,1219
Secp,P256-true,false,1,64,false,2,612,101547,1219
Secp,P256-true,false,1,256,false,0,681,109220,1311
Secp,P256-true,false,1,256,false,1,685,107463,1290
Secp,P256-true,false,1,256,false,2,685,107463,1290
Secp,P256-true,false,2,1,false,0,409,88108,1058
Secp,P256-true,false,2,1,false,1,411,86099,1034
Secp,P256-true,false,2,1,false,2,411,86111,1034
Secp,P256-true,false,2,1,true,0,409,108204,1299
Secp,P256-true,false,2,1,true,1,411,86111,1034
Secp,P256-true,false,2,1,true,2,411,86111,1034
Secp,P256-true,false,2,2,false,0,442,90580,1087
Secp,P256-true,false,2,2,false,1,444,88607,1064
Secp,P256-true,false,2,2,false,2,444,88607,1064
Secp,P256-true,false,2,4,false,0,476,93152,1118
Secp,P256-true,false,2,4,false,1,478,91155,1094
Secp,P256-true,false,2,4,false,2,478,91155,1094
Secp,P256-true,false,2,8,false,0,509,95684,1149
Secp,P256-true,false,2,8,false,1,511,93687,1125
Secp,P256-true,false,2,8,false,2,511,93687,1125
Secp,P256-true,false,2,16,false,0,542,98204,1179
Secp,P256-true,false,2,16,false,1,544,96207,1155
Secp,P256-true,false,2,16,false,2,544,96207,1155
Secp,P256-true,false,2,64,false,0,610,103720,1245
Secp,P256-true,false,2,64,false,1,612,101735,1221
Secp,P256-true,false,2,64,false,2,612,101735,1221
Secp,P256-true,false,2,256,false,0,681,109420,1314
Secp,P256-true,false,2,256,false,1,685,107663,1292
Secp,P256-true,false,2,256,false,2,685,107663,1292
Secp,P256-true,false,3,1,false,0,487,92408,1109
Secp,P256-true,false,3,1,false,1,489,90387,1085
Secp,P256-true,false,3,1,false,2,489,90387,1085
Secp,P256-true,false,3,1,true,0,487,112504,1351
Secp,P256-true,false,3,1,true,1,489,90375,1085
Secp,P256-true,false,3,1,true,2,489,90387,1085
Secp,P256-true,false,3,2,false,0,520,94916,1139
Secp,P256-true,false,3,2,false,1,522,92883,1115
Secp,P256-true,false,3,2,false,2,522,92895,1115
Secp,P256-true,false,3,4,false,0,554,97440,1170
Secp,P256-true,false,3,4,false,1,556,95419,1146
Secp,P256-true,false,3,4,false,2,556,95419,1146
Secp,P256-true,false,3,8,false,0,587,99972,1200
Secp,P256-true,false,3,8,false,1,589,97939,1176
Secp,P256-true,false,3,8,false,2,589,97951,1176
Secp,P256-true,false,3,16,false,0,620,102468,1230
Secp,P256-true,false,3,16,false,1,622,100447,1206
Secp,P256-true,false,3,16,false,2,622,100447,1206
Secp,P256-true,false,3,64,false,0,688,107576,1291
Secp,P256-true,false,3,64,false,1,690,105555,1267
Secp,P256-true,false,3,64,false,2,690,105555,1267
Secp,P256-true,false,3,256,false,0,759,112744,1353
Secp,P256-true,false,3,256,false,1,763,110683,1329
Secp,P256-true,false,3,256,false,2,763,110683,1329
Secp,P256-true,true,0,1,false,0,378,66751,802
Secp,P256-true,true,0,1,false,1,378,64746,777
Secp,P256-true,true,0,1,false,2,378,64746,777
Secp,P256-true,true,0,1,true,0,378,86847,1043
Secp,P256-true,true,0,1,true,1,378,64746,777
Secp,P256-true,true,0,1,true,2,378,64746,777
Secp,P256-true,true,0,2,false,0,411,67663,812
Secp,P256-true,true,0,2,false,1,411,65658,788
Secp,P256-true,true,0,2,false,2,411,65658,788
Secp,P256-true,true,0,4,false,0,445,68567,823
Secp,P256-true,true,0,4,false,1,445,66550,799
Secp,P256-true,true,0,4,false,2,445,66550,799
Secp,P256-true,true,0,8,false,0,478,69431,834
Secp,P256-true,true,0,8,false,1,478,67426,810
Secp,P256-true,true,0,8,false,2,478,67426,810
Secp,P256-true,true,0,16,false,0,511,70343,845
Secp,P256-true,true,0,16,false,1,511,68338,821
Secp,P256-true,true,0,16,false,2,511,68338,821
Secp,P256-true,true,0,64,false,0,579,72219,867
Secp,P256-true,true,0,64,false,1,579,70214,843
Secp,P256-true,true,0,64,false,2,579,70214,843
Secp,P256-true,true,0,256,false,0,650,74303,892
Secp,P256-true,true,0,256,false,1,652,72258,868
Secp,P256-true,true,0,256,false,2,652,72258,868
Secp,P256-true,true,1,1,false,0,409,72152,866
Secp,P256-true,true,1,1,false,1,409,70123,842
Secp,P256-true,true,1,1,false,2,409,70123,842
Secp,P256-true,true,1,1,true,0,409,92248,1107
Secp,P256-true,true,1,1,true,1,409,70123,842
Secp,P256-true,true,1,1,true,2,409,70123,842
Secp,P256-true,true,1,2,false,0,442,73384,881
Secp,P256-true,true,1,2,false,1,442,71379,857
Secp,P256-true,true,1,2,false,2,442,71379,857
Secp,P256-true,true,1,4,false,0,476,74728,897
Secp,P256-true,true,1,4,false,1,476,72699,873
Secp,P256-true,true,1,4,false,2,476,72699,873
Secp,P256-true,true,1,8,false,0,509,75996,912
Secp,P256-true,true,1,8,false,1,509,73967,888
Secp,P256-true,true,1,8,false,2,509,73967,888
Secp,P256-true,true,1,16,false,0,542,77264,928
Secp,P256-true,true,1,16,false,1,542,75235,903
Secp,P256-true,true,1,16,false,2,542,75235,903
Secp,P256-true,true,1,64,false,0,610,79888,959
Secp,P256-true,true,1,64,false,1,610,77871,935
Secp,P256-true,true,1,64,false,2,610,77859,935
Secp,P256-true,true,1,256,false,0,681,82612,992
Secp,P256-true,true,1,256,false,1,683,80543,967
Secp,P256-true,true,1,256,false,2,683,80543,967
Secp,P256-true,true,2,1,false,0,409,72276,868
Secp,P256-true,true,2,1,false,1,409,70247,843
Secp,P256-true,true,2,1,false,2,409,70247,843
Secp,P256-true,true,2,1,true,0,409,92372,1109
Secp,P256-true,true,2,1,true,1,409,70247,843
Secp,P256-true,true,2,1,true,2,409,70247,843
Secp,P256-true,true,2,2,false,0,442,73496,882
Secp,P256-true,true,2,2,false,1,442,71491,858
Secp,P256-true,true,2,2,false,2,442,71479,858
Secp,P256-true,true,2,4,false,0,476,74816,898
Secp,P256-true,true,2,4,false,1,476,72787,874
Secp,P256-true,true,2,4,false,2,476,72787,874
Secp,P256-true,true,2,8,false,0,509,76096,914
Secp,P256-true,true,2,8,false,1,509,74067,889
Secp,P256-true,true,2,8,false,2,509,74067,889
Secp,P256-true,true,2,16,false,0,542,77364,929
Secp,P256-true,true,2,16,false,1,542,75335,905
Secp,P256-true,true,2,16,false,2,542,75323,904
Secp,P256-true,true,2,64,false,0,610,79976,960
Secp,P256-true,true,2,64,false,1,610,77959,936
Secp,P256-true,true,2,64,false,2,610,77959,936
Secp,P256-true,true,2,256,false,0,681,82712,993
Secp,P256-true,true,2,256,false,1,683,80643,968
Secp,P256-true,true,2,256,false,2,683,80631,968
Secp,P256-true,true,3,1,false,0,487,73836,887
Secp,P256-true,true,3,1,false,1,487,71783,862
Secp,P256-true,true,3,1,false,2,487,71783,862
Secp,P256-true,true,3,1,true,0,487,93932,1128
Secp,P256-true,true,3,1,true,1,487,71783,862
Secp,P256-true,true,3,1,true,2,487,71783,862
Secp,P256-true,true,3,2,false,0,520,75092,902
Secp,P256-true,true,3,2,false,1,520,73039,877
Secp,P256-true,true,3,2,false,2,520,73039,877
Secp,P256-true,true,3,4,false,0,554,76364,917
Secp,P256-true,true,3,4,false,1,554,74311,892
Secp,P256-true,true,3,4,false,2,554,74311,892
Secp,P256-true,true,3,8,false,0,587,77644,932
Secp,P256-true,true,3,8,false,1,587,75591,908
Secp,P256-true,true,3,8,false,2,587,75591,908
Secp,P256-true,true,3,16,false,0,620,78888,947
Secp,P256-true,true,3,16,false,1,620,76835,923
Secp,P256-true,true,3,16,false,2,620,76835,923
Secp,P256-true,true,3,64,false,0,688,81492,978
Secp,P256-true,true,3,64,false,1,688,79439,954
Secp,P256-true,true,3,64,false,2,688,79439,954
Secp,P256-true,true,3,256,false,0,759,84156,1010
Secp,P256-true,true,3,256,false,1,761,82051,985
Secp,P256-true,true,3,256,false,2,761,82051,985
Secp,WebAuthn-false,false,0,1,false,0,378,60083,721
Secp,WebAuthn-false,false,0,1,false,1,378,58078,697
Secp,WebAuthn-false,false,0,1,false,2,378,58078,697
Secp,WebAuthn-false,false,0,1,true,0,378,80179,963
Secp,WebAuthn-false,false,0,1,true,1,378,58078,697
Secp,WebAuthn-false,false,0,1,true,2,378,58078,697
Secp,WebAuthn-false,false,0,2,false,0,411,60947,732
Secp,WebAuthn-false,false,0,2,false,1,411,58942,708
Secp,WebAuthn-false,false,0,2,false,2,411,58942,708
Secp,WebAuthn-false,false,0,4,false,0,445,61875,743
Secp,WebAuthn-false,false,0,4,false,1,445,59870,719
Secp,WebAuthn-false,false,0,4,false,2,445,59870,719
Secp,WebAuthn-false,false,0,8,false,0,478,62739,753
Secp,WebAuthn-false,false,0,8,false,1,478,60734,729
Secp,WebAuthn-false,false,0,8,false,2,478,60734,729
Secp,WebAuthn-false,false,0,16,false,0,511,63651,764
Secp,WebAuthn-false,false,0,16,false,1,511,61646,740
Secp,WebAuthn-false,false,0,16,false,2,511,61646,740
Secp,WebAuthn-false,false,0,64,false,0,579,65527,787
Secp,WebAuthn-false,false,0,64,false,1,579,63522,763
Secp,WebAuthn-false,false,0,64,false,2,579,63522,763
Secp,WebAuthn-false,false,0,256,false,0,650,67623,812
Secp,WebAuthn-false,false,0,256,false,1,652,65578,787
Secp,WebAuthn-false,false,0,256,false,2,652,65578,787
Secp,WebAuthn-false,false,1,1,false,0,409,85904,1031
Secp,WebAuthn-false,false,1,1,false,1,411,83907,1007
Secp,WebAuthn-false,false,1,1,false,2,411,83895,1007
Secp,WebAuthn-false,false,1,1,true,0,409,106000,1272
Secp,WebAuthn-false,false,1,1,true,1,411,83907,1007
Secp,WebAuthn-false,false,1,1,true,2,411,83907,1007
Secp,WebAuthn-false,false,1,2,false,0,442,88388,1061
Secp,WebAuthn-false,false,1,2,false,1,444,86415,1037
Secp,WebAuthn-false,false,1,2,false,2,444,86415,1037
Secp,WebAuthn-false,false,1,4,false,0,476,90972,1092
Secp,WebAuthn-false,false,1,4,false,1,478,88975,1068
Secp,WebAuthn-false,false,1,4,false,2,478,88975,1068
Secp,WebAuthn-false,false,1,8,false,0,509,93492,1122
Secp,WebAuthn-false,false,1,8,false,1,511,91495,1098
Secp,WebAuthn-false,false,1,8,false,2,511,91495,1098
Secp,WebAuthn-false,false,1,16,false,0,542,96000,1152
Secp,WebAuthn-false,false,1,16,false,1,544,94003,1129
Secp,WebAuthn-false,false,1,16,false,2,544,94003,1129
Secp,WebAuthn-false,false,1,64,false,0,610,101540,1219
Secp,WebAuthn-false,false,1,64,false,1,612,99555,1195
Secp,WebAuthn-false,false,1,64,false,2,612,99543,1195
Secp,WebAuthn-false,false,1,256,false,0,681,107228,1287
Secp,WebAuthn-false,false,1,256,false,1,685,105471,1266
Secp,WebAuthn-false,false,1,256,false,2,685,105471,1266
Secp,WebAuthn-false,false,2,1,false,0,409,86116,1034
Secp,WebAuthn-false,false,2,1,false,1,411,84119,1010
Secp,WebAuthn-false,false,2,1,false,2,411,84119,1010
Secp,WebAuthn-false,false,2,1,true,0,409,106212,1275
Secp,WebAuthn-false,false,2,1,true,1,411,84119,1010
Secp,WebAuthn-false,false,2,1,true,2,411,84119,1010
Secp,WebAuthn-false,false,2,2,false,0,442,88588,1064
Secp,WebAuthn-false,false,2,2,false,1,444,86615,1040
Secp,WebAuthn-false,false,2,2,false,2,444,86615,1040
Secp,WebAuthn-false,false,2,4,false,0,476,91160,1094
Secp,WebAuthn-false,false,2,4,false,1,478,89163,1070
Secp,WebAuthn-false,false,2,4,false,2,478,89163,1070
Secp,WebAuthn-false,false,2,8,false,0,509,93680,1125
Secp,WebAuthn-false,false,2,8,false,1,511,91683,1101
Secp,WebAuthn-false,false,2,8,false,2,511,91683,1101
Secp,WebAuthn-false,false,2,16,false,0,542,96212,1155
Secp,WebAuthn-false,false,2,16,false,1,544,94215,1131
Secp,WebAuthn-false,false,2,16,false,2,544,94203,1131
Secp,WebAuthn-false,false,2,64,false,0,610,101740,1221
Secp,WebAuthn-false,false,2,64,false,1,612,99755,1198
Secp,WebAuthn-false,false,2,64,false,2,612,99755,1198
Secp,WebAuthn-false,false,2,256,false,0,681,107428,1290
Secp,WebAuthn-false,false,2,256,false,1,685,105671,1269
Secp,WebAuthn-false,false,2,256,false,2,685,105671,1269
Secp,WebAuthn-false,false,3,1,false,0,487,90404,1085
Secp,WebAuthn-false,false,3,1,false,1,489,88383,1061
Secp,WebAuthn-false,false,3,1,false,2,489,88383,1061
Secp,WebAuthn-false,false,3,1,true,0,487,110500,1326
Secp,WebAuthn-false,false,3,1,true,1,489,88383,1061
Secp,WebAuthn-false,false,3,1,true,2,489,88383,1061
Secp,WebAuthn-false,false,3,2,false,0,520,92936,1116
Secp,WebAuthn-false,false,3,2,false,1,522,90915,1091
Secp,WebAuthn-false,false,3,2,false,2,522,90915,1091
Secp,WebAuthn-false,false,3,4,false,0,554,95448,1146
Secp,WebAuthn-false,false,3,4,false,1,556,93427,1122
Secp,WebAuthn-false,false,3,4,false,2,556,93427,1122
Secp,WebAuthn-false,false,3,8,false,0,587,97968,1176
Secp,WebAuthn-false,false,3,8,false,1,589,95947,1152
Secp,WebAuthn-false,false,3,8,false,2,589,95947,1152
Secp,WebAuthn-false,false,3,16,false,0,620,100476,1206
Secp,WebAuthn-false,false,3,16,false,1,622,98455,1182
Secp,WebAuthn-false,false,3,16,false,2,622,98455,1182
Secp,WebAuthn-false,false,3,64,false,0,688,105584,1268
Secp,WebAuthn-false,false,3,64,false,1,690,103563,1243
Secp,WebAuthn-false,false,3,64,false,2,690,103563,1243
Secp,WebAuthn-false,false,3,256,false,0,759,110764,1330
Secp,WebAuthn-false,false,3,256,false,1,763,108703,1305
Secp,WebAuthn-false,false,3,256,false,2,763,108703,1305
Secp,WebAuthn-false,true,0,1,false,0,378,64783,778
Secp,WebAuthn-false,true,0,1,false,1,378,62778,754
Secp,WebAuthn-false,true,0,1,false,2,378,62778,754
Secp,WebAuthn-false,true,0,1,true,0,378,84879,1019
Secp,WebAuthn-false,true,0,1,true,1,378,62778,754
Secp,WebAuthn-false,true,0,1,true,2,378,62778,754
Secp,WebAuthn-false,true,0,2,false,0,411,65647,788
Secp,WebAuthn-false,true,0,2,false,1,411,63642,764
Secp,WebAuthn-false,true,0,2,false,2,411,63642,764
Secp,WebAuthn-false,true,0,4,false,0,445,66575,799
Secp,WebAuthn-false,true,0,4,false,1,445,64570,775
Secp,WebAuthn-false,true,0,4,false,2,445,64570,775
Secp,WebAuthn-false,true,0,8,false,0,478,67439,810
Secp,WebAuthn-false,true,0,8,false,1,478,65434,786
Secp,WebAuthn-false,true,0,8,false,2,478,65434,786
Secp,WebAuthn-false,true,0,16,false,0,511,68351,821
Secp,WebAuthn-false,true,0,16,false,1,511,66346,797
Secp,WebAuthn-false,true,0,16,false,2,511,66346,797
Secp,WebAuthn-false,true,0,64,false,0,579,70227,843
Secp,WebAuthn-false,true,0,64,false,1,579,68222,819
Secp,WebAuthn-false,true,0,64,false,2,579,68222,819
Secp,WebAuthn-false,true,0,256,false,0,650,72323,868
Secp,WebAuthn-false,true,0,256,false,1,652,70278,844
Secp,WebAuthn-false,true,0,256,false,2,652,70278,844
Secp,WebAuthn-false,true,1,1,false,0,409,70172,843
Secp,WebAuthn-false,true,1,1,false,1,409,68143,818
Secp,WebAuthn-false,true,1,1,false,2,409,68143,818
Secp,WebAuthn-false,true,1,1,true,0,409,90268,1084
Secp,WebAuthn-false,true,1,1,true,1,409,68143,818
Secp,WebAuthn-false,true,1,1,true,2,409,68143,818
Secp,WebAuthn-false,true,1,2,false,0,442,71404,857
Secp,WebAuthn-false,true,1,2,false,1,442,69399,833
Secp,WebAuthn-false,true,1,2,false,2,442,69399,833
Secp,WebAuthn-false,true,1,4,false,0,476,72736,873
Secp,WebAuthn-false,true,1,4,false,1,476,70707,849
Secp,WebAuthn-false,true,1,4,false,2,476,70707,849
Secp,WebAuthn-false,true,1,8,false,0,509,74004,889
Secp,WebAuthn-false,true,1,8,false,1,509,71975,864
Secp,WebAuthn-false,true,1,8,false,2,509,71975,864
Secp,WebAuthn-false,true,1,16,false,0,542,75260,904
Secp,WebAuthn-false,true,1,16,false,1,542,73231,879
Secp,WebAuthn-false,true,1,16,false,2,542,73231,879
Secp,WebAuthn-false,true,1,64,false,0,610,77896,935
Secp,WebAuthn-false,true,1,64,false,1,610,75879,911
Secp,WebAuthn-false,true,1,64,false,2,610,75879,911
Secp,WebAuthn-false,true,1,256,false,0,681,80620,968
Secp,WebAuthn-false,true,1,256,false,1,683,78551,943
Secp,WebAuthn-false,true,1,256,false,2,683,78551,943
Secp,WebAuthn-false,true,2,1,false,0,409,70284,844
Secp,WebAuthn-false,true,2,1,false,1,409,68255,820
Secp,WebAuthn-false,true,2,1,false,2,409,68255,820
Secp,WebAuthn-false,true,2,1,true,0,409,90380,1085
Secp,WebAuthn-false,true,2,1,true,1,409,68255,820
Secp,WebAuthn-false,true,2,1,true,2,409,68255,820
Secp,WebAuthn-false,true,2,2,false,0,442,71504,859
Secp,WebAuthn-false,true,2,2,false,1,442,69499,834
Secp,WebAuthn-false,true,2,2,false,2,442,69499,834
Secp,WebAuthn-false,true,2,4,false,0,476,72824,874
Secp,WebAuthn-false,true,2,4,false,1,476,70795,850
Secp,WebAuthn-false,true,2,4,false,2,476,70783,850
Secp,WebAuthn-false,true,2,8,false,0,509,74092,890
Secp,WebAuthn-false,true,2,8,false,1,509,72063,865
Secp,WebAuthn-false,true,2,8,false,2,509,72063,865
Secp,WebAuthn-false,true,2,16,false,0,542,75372,905
Secp,WebAuthn-false,true,2,16,false,1,542,73343,881
Secp,WebAuthn-false,true,2,16,false,2,542,73331,880
Secp,WebAuthn-false,true,2,64,false,0,610,77996,936
Secp,WebAuthn-false,true,2,64,false,1,610,75979,912
Secp,WebAuthn-false,true,2,64,false,2,610,75979,912
Secp,WebAuthn-false,true,2,256,false,0,681,80720,969
Secp,WebAuthn-false,true,2,256,false,1,683,78651,944
Secp,WebAuthn-false,true,2,256,false,2,683,78651,944
Secp,WebAuthn-false,true,3,1,false,0,487,71832,862
Secp,WebAuthn-false,true,3,1,false,1,487,69767,838
Secp,WebAuthn-false,true,3,1,false,2,487,69767,838
Secp,WebAuthn-false,true,3,1,true,0,487,91928,1104
Secp,WebAuthn-false,true,3,1,true,1,487,69767,838
Secp,WebAuthn-false,true,3,1,true,2,487,69767,838
Secp,WebAuthn-false,true,3,2,false,0,520,73112,878
Secp,WebAuthn-false,true,3,2,false,1,520,71059,853
Secp,WebAuthn-false,true,3,2,false,2,520,71059,853
Secp,WebAuthn-false,true,3,4,false,0,554,74372,893
Secp,WebAuthn-false,true,3,4,false,1,554,72319,868
Secp,WebAuthn-false,true,3,4,false,2,554,72319,868
Secp,WebAuthn-false,true,3,8,false,0,587,75640,908
Secp,WebAuthn-false,true,3,8,false,1,587,73587,884
Secp,WebAuthn-false,true,3,8,false,2,587,73587,884
Secp,WebAuthn-false,true,3,16,false,0,620,76896,923
Secp,WebAuthn-false,true,3,16,false,1,620,74843,899
Secp,WebAuthn-false,true,3,16,false,2,620,74843,899
Secp,WebAuthn-false,true,3,64,false,0,688,79500,954
Secp,WebAuthn-false,true,3,64,false,1,688,77447,930
Secp,WebAuthn-false,true,3,64,false,2,688,77447,930
Secp,WebAuthn-false,true,3,256,false,0,759,82176,987
Secp,WebAuthn-false,true,3,256,false,1,761,80083,961
Secp,WebAuthn-false,true,3,256,false,2,761,80083,961
Secp,WebAuthn-true,false,0,1,false,0,378,64067,769
Secp,WebAuthn-true,false,0,1,false,1,378,62062,745
Secp,WebAuthn-true,false,0,1,false,2,378,62062,745
Secp,WebAuthn-true,false,0,1,true,0,378,84163,1010
Secp,WebAuthn-true,false,0,1,true,1,378,62062,745
Secp,WebAuthn-true,false,0,1,true,2,378,62062,745
Secp,WebAuthn-true,false,0,2,false,0,411,64979,780
Secp,WebAuthn-true,false,0,2,false,1,411,62974,756
Secp,WebAuthn-true,false,0,2,false,2,411,62974,756
Secp,WebAuthn-true,false,0,4,false,0,445,65883,791
Secp,WebAuthn-true,false,0,4,false,1,445,63866,767
Secp,WebAuthn-true,false,0,4,false,2,445,63866,767
Secp,WebAuthn-true,false,0,8,false,0,478,66747,801
Secp,WebAuthn-true,false,0,8,false,1,478,64742,777
Secp,WebAuthn-true,false,0,8,false,2,478,64742,777
Secp,WebAuthn-true,false,0,16,false,0,511,67659,812
Secp,WebAuthn-true,false,0,16,false,1,511,65654,788
Secp,WebAuthn-true,false,0,16,false,2,511,65654,788
Secp,WebAuthn-true,false,0,64,false,0,579,69535,835
Secp,WebAuthn-true,false,0,64,false,1,579,67530,811
Secp,WebAuthn-true,false,0,64,false,2,579,67530,811
Secp,WebAuthn-true,false,0,256,false,0,650,71619,860
Secp,WebAuthn-true,false,0,256,false,1,652,69574,835
Secp,WebAuthn-true,false,0,256,false,2,652,69574,835
Secp,WebAuthn-true,false,1,1,false,0,409,89900,1079
Secp,WebAuthn-true,false,1,1,false,1,411,87903,1055
Secp,WebAuthn-true,false,1,1,false,2,411,87891,1055
Secp,WebAuthn-true,false,1,1,true,0,409,109996,1320
Secp,WebAuthn-true,false,1,1,true,1,411,87903,1055
Secp,WebAuthn-true,false,1,1,true,2,411,87903,1055
Secp,WebAuthn-true,false,1,2,false,0,442,92384,1109
Secp,WebAuthn-true,false,1,2,false,1,444,90411,1085
Secp,WebAuthn-true,false,1,2,false,2,444,90411,1085
Secp,WebAuthn-true,false,1,4,false,0,476,94980,1140
Secp,WebAuthn-true,false,1,4,false,1,478,92983,1116
Secp,WebAuthn-true,false,1,4,false,2,478,92983,1116
Secp,WebAuthn-true,false,1,8,false,0,509,97500,1170
Secp,WebAuthn-true,false,1,8,false,1,511,95503,1147
Secp,WebAuthn-true,false,1,8,false,2,511,95503,1147
Secp,WebAuthn-true,false,1,16,false,0,542,100020,1201
Secp,WebAuthn-true,false,1,16,false,1,544,98023,1177
Secp,WebAuthn-true,false,1,16,false,2,544,98011,1177
Secp,WebAuthn-true,false,1,64,false,0,610,105548,1267
Secp,WebAuthn-true,false,1,64,false,1,612,103563,1243
Secp,WebAuthn-true,false,1,64,false,2,612,103563,1243
Secp,WebAuthn-true,false,1,256,false,0,681,111236,1335
Secp,WebAuthn-true,false,1,256,false,1,685,109479,1314
Secp,WebAuthn-true,false,1,256,false,2,685,109479,1314
Secp,WebAuthn-true,false,2,1,false,0,409,90124,1082
Secp,WebAuthn-true,false,2,1,false,1,411,88127,1058
Secp,WebAuthn-true,false,2,1,false,2,411,88127,1058
Secp,WebAuthn-true,false,2,1,true,0,409,110220,1323
Secp,WebAuthn-true,false,2,1,true,1,411,88127,1058
Secp,WebAuthn-true,false,2,1,true,2,411,88127,1058
Secp,WebAuthn-true,false,2,2,false,0,442,92596,1112
Secp,WebAuthn-true,false,2,2,false,1,444,90623,1088
Secp,WebAuthn-true,false,2,2,false,2,444,90623,1088
Secp,WebAuthn-true,false,2,4,false,0,476,95168,1143
Secp,WebAuthn-true,false,2,4,false,1,478,93171,1119
Secp,WebAuthn-true,false,2,4,false,2,478,93171,1119
Secp,WebAuthn-true,false,2,8,false,0,509,97700,1173
Secp,WebAuthn-true,false,2,8,false,1,511,95691,1149
Secp,WebAuthn-true,false,2,8,false,2,511,95703,1149
Secp,WebAuthn-true,false,2,16,false,0,542,100220,1203
Secp,WebAuthn-true,false,2,16,false,1,544,98223,1179
Secp,WebAuthn-true,false,2,16,false,2,544,98223,1179
Secp,WebAuthn-true,false,2,64,false,0,610,105736,1269
Secp,WebAuthn-true,false,2,64,false,1,612,103751,1246
Secp,WebAuthn-true,false,2,64,false,2,612,103751,1246
Secp,WebAuthn-true,false,2,256,false,0,681,111436,1338
Secp,WebAuthn-true,false,2,256,false,1,685,109679,1317
Secp,WebAuthn-true,false,2,256,false,2,685,109679,1317
Secp,WebAuthn-true,false,3,1,false,0,487,94424,1134
Secp,WebAuthn-true,false,3,1,false,1,489,92403,1109
Secp,WebAuthn-true,false,3,1,false,2,489,92403,1109
Secp,WebAuthn-true,false,3,1,true,0,487,114520,1375
Secp,WebAuthn-true,false,3,1,true,1,489,92403,1109
Secp,WebAuthn-true,false,3,1,true,2,489,92403,1109
Secp,WebAuthn-true,false,3,2,false,0,520,96932,1164
Secp,WebAuthn-true,false,3,2,false,1,522,94899,1139
Secp,WebAuthn-true,false,3,2,false,2,522,94911,1139
Secp,WebAuthn-true,false,3,4,false,0,554,99456,1194
Secp,WebAuthn-true,false,3,4,false,1,556,97435,1170
Secp,WebAuthn-true,false,3,4,false,2,556,97435,1170
Secp,WebAuthn-true,false,3,8,false,0,587,101988,1224
Secp,WebAuthn-true,false,3,8,false,1,589,99967,1200
Secp,WebAuthn-true,false,3,8,false,2,589,99967,1200
Secp,WebAuthn-true,false,3,16,false,0,620,104484,1254
Secp,WebAuthn-true,false,3,16,false,1,622,102463,1230
Secp,WebAuthn-true,false,3,16,false,2,622,102463,1230
Secp,WebAuthn-true,false,3,64,false,0,688,109592,1316
Secp,WebAuthn-true,false,3,64,false,1,690,107571,1291
Secp,WebAuthn-true,false,3,64,false,2,690,107571,1291
Secp,WebAuthn-true,false,3,256,false,0,759,114760,1378
Secp,WebAuthn-true,false,3,256,false,1,763,112699,1353
Secp,WebAuthn-true,false,3,256,false,2,763,112699,1353
Secp,WebAuthn-true,true,0,1,false,0,378,68767,826
Secp,WebAuthn-true,true,0,1,false,1,378,66762,802
Secp,WebAuthn-true,true,0,1,false,2,378,66762,802
Secp,WebAuthn-true,true,0,1,true,0,378,88863,1067
Secp,WebAuthn-true,true,0,1,true,1,378,66762,802
Secp,WebAuthn-true,true,0,1,true,2,378,66762,802
Secp,WebAuthn-true,true,0,2,false,0,411,69679,837
Secp,WebAuthn-true,true,0,2,false,1,411,67674,813
Secp,WebAuthn-true,true,0,2,false,2,411,67674,813
Secp,WebAuthn-true,true,0,4,false,0,445,70583,847
Secp,WebAuthn-true,true,0,4,false,1,445,68566,823
Secp,WebAuthn-true,true,0,4,false,2,445,68566,823
Secp,WebAuthn-true,true,0,8,false,0,478,71447,858
Secp,WebAuthn-true,true,0,8,false,1,478,69442,834
Secp,WebAuthn-true,true,0,8,false,2,478,69442,834
Secp,WebAuthn-true,true,0,16,false,0,511,72359,869
Secp,WebAuthn-true,true,0,16,false,1,511,70354,845
Secp,WebAuthn-true,true,0,16,false,2,511,70354,845
Secp,WebAuthn-true,true,0,64,false,0,579,74235,891
Secp,WebAuthn-true,true,0,64,false,1,579,72230,867
Secp,WebAuthn-true,true,0,64,false,2,579,72230,867
Secp,WebAuthn-true,true,0,256,false,0,650,76319,916
Secp,WebAuthn-true,true,0,256,false,1,652,74274,892
Secp,WebAuthn-true,true,0,256,false,2,652,74274,892
Secp,WebAuthn-true,true,1,1,false,0,409,74168,891
Secp,WebAuthn-true,true,1,1,false,1,409,72139,866
Secp,WebAuthn-true,true,1,1,false,2,409,72139,866
Secp,WebAuthn-true,true,1,1,true,0,409,94264,1132
Secp,WebAuthn-true,true,1,1,true,1,409,72139,866
Secp,WebAuthn-true,true,1,1,true,2,409,72139,866
Secp,WebAuthn-true,true,1,2,false,0,442,75400,905
Secp,WebAuthn-true,true,1,2,false,1,442,73395,881
Secp,WebAuthn-true,true,1,2,false,2,442,73395,881
Secp,WebAuthn-true,true,1,4,false,0,476,76744,921
Secp,WebAuthn-true,true,1,4,false,1,476,74715,897
Secp,WebAuthn-true,true,1,4,false,2,476,74715,897
Secp,WebAuthn-true,true,1,8,false,0,509,78012,937
Secp,WebAuthn-true,true,1,8,false,1,509,75983,912
Secp,WebAuthn-true,true,1,8,false,2,509,75983,912
Secp,WebAuthn-true,true,1,16,false,0,542,79280,952
Secp,WebAuthn-true,true,1,16,false,1,542,77251,928
Secp,WebAuthn-true,true,1,16,false,2,542,77251,928
Secp,WebAuthn-true,true,1,64,false,0,610,81904,983
Secp,WebAuthn-true,true,1,64,false,1,610,79887,959
Secp,WebAuthn-true,true,1,64,false,2,610,79875,959
Secp,WebAuthn-true,true,1,256,false,0,681,84628,1016
Secp,WebAuthn-true,true,1,256,false,1,683,82559,991
Secp,WebAuthn-true,true,1,256,false,2,683,82559,991
Secp,WebAuthn-true,true,2,1,false,0,409,74292,892
Secp,WebAuthn-true,true,2,1,false,1,409,72263,868
Secp,WebAuthn-true,true,2,1,false,2,409,72263,868
Secp,WebAuthn-true,true,2,1,true,0,409,94388,1133
Secp,WebAuthn-true,true,2,1,true,1,409,72263,868
Secp,WebAuthn-true,true,2,1,true,2,409,72263,868
Secp,WebAuthn-true,true,2,2,false,0,442,75512,907
Secp,WebAuthn-true,true,2,2,false,1,442,73507,883
Secp,WebAuthn-true,true,2,2,false,2,442,73495,882
Secp,WebAuthn-true,true,2,4,false,0,476,76832,922
Secp,WebAuthn-true,true,2,4,false,1,476,74803,898
Secp,WebAuthn-true,true,2,4,false,2,476,74803,898
Secp,WebAuthn-true,true,2,8,false,0,509,78112,938
Secp,WebAuthn-true,true,2,8,false,1,509,76083,913
Secp,WebAuthn-true,true,2,8,false,2,509,76083,913
Secp,WebAuthn-true,true,2,16,false,0,542,79380,953
Secp,WebAuthn-true,true,2,16,false,1,542,77351,929
Secp,WebAuthn-true,true,2,16,false,2,542,77339,929
Secp,WebAuthn-true,true,2,64,false,0,610,81992,984
Secp,WebAuthn-true,true,2,64,false,1,610,79975,960
Secp,WebAuthn-true,true,2,64,false,2,610,79975,960
Secp,WebAuthn-true,true,2,256,false,0,681,84728,1017
Secp,WebAuthn-true,true,2,256,false,1,683,82659,992
Secp,WebAuthn-true,true,2,256,false,2,683,82647,992
Secp,WebAuthn-true,true,3,1,false,0,487,75852,911
Secp,WebAuthn-true,true,3,1,false,1,487,73799,886
Secp,WebAuthn-true,true,3,1,false,2,487,73799,886
Secp,WebAuthn-true,true,3,1,true,0,487,95948,1152
Secp,WebAuthn-true,true,3,1,true,1,487,73799,886
Secp,WebAuthn-true,true,3,1,true,2,487,73799,886
Secp,WebAuthn-true,true,3,2,false,0,520,77108,926
Secp,WebAuthn-true,true,3,2,false,1,520,75055,901
Secp,WebAuthn-true,true,3,2,false,2,520,75055,901
Secp,WebAuthn-true,true,3,4,false,0,554,78380,941
Secp,WebAuthn-true,true,3,4,false,1,554,76327,916
Secp,WebAuthn-true,true,3,4,false,2,554,76327,916
Secp,WebAuthn-true,true,3,8,false,0,587,79660,956
Secp,WebAuthn-true,true,3,8,false,1,587,77607,932
Secp,WebAuthn-true,true,3,8,false,2,587,77607,932
Secp,WebAuthn-true,true,3,16,false,0,620,80904,971
Secp,WebAuthn-true,true,3,16,false,1,620,78851,947
Secp,WebAuthn-true,true,3,16,false,2,620,78851,947
Secp,WebAuthn-true,true,3,64,false,0,688,83508,1003
Secp,WebAuthn-true,true,3,64,false,1,688,81455,978
Secp,WebAuthn-true,true,3,64,false,2,688,81455,978
Secp,WebAuthn-true,true,3,256,false,0,759,86172,1035
Secp,WebAuthn-true,true,3,256,false,1,761,84067,1009
Secp,WebAuthn-true,true,3,256,false,2,761,84067,1009
P256,Secp-false,false,0,1,false,0,443,59255,712
P256,Secp-false,false,0,1,false,1,443,57250,687
P256,Secp-false,false,0,1,false,2,443,57250,687
P256,Secp-false,false,0,1,true,0,443,79351,953
P256,Secp-false,false,0,1,true,1,443,57250,687
P256,Secp-false,false,0,1,true,2,443,57250,687
P256,Secp-false,false,0,2,false,0,476,60143,722
P256,Secp-false,false,0,2,false,1,476,58138,698
P256,Secp-false,false,0,2,false,2,476,58138,698
P256,Secp-false,false,0,4,false,0,510,61047,733
P256,Secp-false,false,0,4,false,1,510,59042,709
P256,Secp-false,false,0,4,false,2,510,59042,709
P256,Secp-false,false,0,8,false,0,543,61911,743
P256,Secp-false,false,0,8,false,1,543,59906,719
P256,Secp-false,false,0,8,false,2,543,59906,719
P256,Secp-false,false,0,16,false,0,576,62811,754
P256,Secp-false,false,0,16,false,1,576,60806,730
P256,Secp-false,false,0,16,false,2,576,60806,730
P256,Secp-false,false,0,64,false,0,644,64687,777
P256,Secp-false,false,0,64,false,1,644,62682,753
P256,Secp-false,false,0,64,false,2,644,62682,753
P256,Secp-false,false,0,256,false,0,715,66783,802
P256,Secp-false,false,0,256,false,1,717,64738,777
P256,Secp-false,false,0,256,false,2,717,64738,777
P256,Secp-false,false,1,1,false,0,474,85088,1022
P256,Secp-false,false,1,1,false,1,476,83091,998
P256,Secp-false,false,1,1,false,2,476,83091,998
P256,Secp-false,false,1,1,true,0,474,105184,1263
P256,Secp-false,false,1,1,true,1,476,83091,998
P256,Secp-false,false,1,1,true,2,476,83091,998
P256,Secp-false,false,1,2,false,0,507,87560,1051
P256,Secp-false,false,1,2,false,1,509,85587,1028
P256,Secp-false,false,1,2,false,2,509,85587,1028
P256,Secp-false,false,1,4,false,0,541,90144,1082
P256,Secp-false,false,1,4,false,1,543,88135,1058
P256,Secp-false,false,1,4,false,2,543,88147,1058
P256,Secp-false,false,1,8,false,0,574,92664,1112
P256,Secp-false,false,1,8,false,1,576,90667,1089
P256,Secp-false,false,1,8,false,2,576,90667,1089
P256,Secp-false,false,1,16,false,0,607,95184,1143
P256,Secp-false,false,1,16,false,1,609,93267,1120
P256,Secp-false,false,1,16,false,2,609,93255,1120
P256,Secp-false,false,1,64,false,0,675,100712,1209
P256,Secp-false,false,1,64,false,1,677,98727,1185
P256,Secp-false,false,1,64,false,2,677,98727,1185
P256,Secp-false,false,1,256,false,0,746,106400,1277
P256,Secp-false,false,1,256,false,1,750,104643,1256
P256,Secp-false,false,1,256,false,2,750,104643,1256
P256,Secp-false,false,2,1,false,0,474,85288,1024
P256,Secp-false,false,2,1,false,1,476,83291,1000
P256,Secp-false,false,2,1,false,2,476,83291,1000
P256,Secp-false,false,2,1,true,0,474,105384,1265
P256,Secp-false,false,2,1,true,1,476,83279,1000
P256,Secp-false,false,2,1,true,2,476,83267,1000
P256,Secp-false,false,2,2,false,0,507,87760,1054
P256,Secp-false,false,2,2,false,1,509,85787,1030
P256,Secp-false,false,2,2,false,2,509,85787,1030
P256,Secp-false,false,2,4,false,0,541,90344,1085
P256,Secp-false,false,2,4,false,1,543,88347,1061
P256,Secp-false,false,2,4,false,2,543,88347,1061
P256,Secp-false,false,2,8,false,0,574,92864,1115
P256,Secp-false,false,2,8,false,1,576,90867,1091
P256,Secp-false,false,2,8,false,2,576,90867,1091
P256,Secp-false,false,2,16,false,0,607,95384,1145
P256,Secp-false,false,2,16,false,1,609,93467,1122
P256,Secp-false,false,2,16,false,2,609,93467,1122
P256,Secp-false,false,2,64,false,0,675,100912,1211
P256,Secp-false,false,2,64,false,1,677,98915,1187
P256,Secp-false,false,2,64,false,2,677,98927,1188
P256,Secp-false,false,2,256,false,0,746,106588,1280
P256,Secp-false,false,2,256,false,1,750,104831,1258
P256,Secp-false,false,2,256,false,2,750,104819,1258
P256,Secp-false,false,3,1,false,0,552,89588,1076
P256,Secp-false,false,3,1,false,1,554,87567,1051
P256,Secp-false,false,3,1,false,2,554,87567,1051
P256,Secp-false,false,3,1,true,0,552,109684,1317
P256,Secp-false,false,3,1,true,1,554,87567,1051
P256,Secp-false,false,3,1,true,2,554,87567,1051
P256,Secp-false,false,3,2,false,0,585,92096,1106
P256,Secp-false,false,3,2,false,1,587,90063,1081
P256,Secp-false,false,3,2,false,2,587,90075,1081
P256,Secp-false,false,3,4,false,0,619,94644,1136
P256,Secp-false,false,3,4,false,1,621,92623,1112
P256,Secp-false,false,3,4,false,2,621,92623,1112
P256,Secp-false,false,3,8,false,0,652,97152,1166
P256,Secp-false,false,3,8,false,1,654,95131,1142
P256,Secp-false,false,3,8,false,2,654,95131,1142
P256,Secp-false,false,3,16,false,0,685,99648,1196
P256,Secp-false,false,3,16,false,1,687,97627,1172
P256,Secp-false,false,3,16,false,2,687,97615,1172
P256,Secp-false,false,3,64,false,0,753,104756,1258
P256,Secp-false,false,3,64,false,1,755,102735,1233
P256,Secp-false,false,3,64,false,2,755,102735,1233
P256,Secp-false,false,3,256,false,0,824,109936,1320
P256,Secp-false,false,3,256,false,1,828,107875,1295
P256,Secp-false,false,3,256,false,2,828,107875,1295
P256,Secp-false,true,0,1,false,0,443,63955,768
P256,Secp-false,true,0,1,false,1,443,61950,744
P256,Secp-false,true,0,1,false,2,443,61950,744
P256,Secp-false,true,0,1,true,0,443,84051,1009
P256,Secp-false,true,0,1,true,1,443,61950,744
P256,Secp-false,true,0,1,true,2,443,61950,744
P256,Secp-false,true,0,2,false,0,476,64843,779
P256,Secp-false,true,0,2,false,1,476,62838,755
P256,Secp-false,true,0,2,false,2,476,62838,755
P256,Secp-false,true,0,4,false,0,510,65747,789
P256,Secp-false,true,0,4,false,1,510,63742,765
P256,Secp-false,true,0,4,false,2,510,63742,765
P256,Secp-false,true,0,8,false,0,543,66611,800
P256,Secp-false,true,0,8,false,1,543,64606,776
P256,Secp-false,true,0,8,false,2,543,64606,776
P256,Secp-false,true,0,16,false,0,576,67511,811
P256,Secp-false,true,0,16,false,1,576,65506,787
P256,Secp-false,true,0,16,false,2,576,65506,787
P256,Secp-false,true,0,64,false,0,644,69387,833
P256,Secp-false,true,0,64,false,1,644,67382,809
P256,Secp-false,true,0,64,false,2,644,67382,809
P256,Secp-false,true,0,256,false,0,715,71483,858
P256,Secp-false,true,0,256,false,1,717,69438,834
P256,Secp-false,true,0,256,false,2,717,69438,834
P256,Secp-false,true,1,1,false,0,474,69356,833
P256,Secp-false,true,1,1,false,1,474,67327,808
P256,Secp-false,true,1,1,false,2,474,67315,808
P256,Secp-false,true,1,1,true,0,474,89452,1074
P256,Secp-false,true,1,1,true,1,474,67327,808
P256,Secp-false,true,1,1,true,2,474,67315,808
P256,Secp-false,true,1,2,false,0,507,70576,847
P256,Secp-false,true,1,2,false,1,507,68571,823
P256,Secp-false,true,1,2,false,2,507,68571,823
P256,Secp-false,true,1,4,false,0,541,71908,863
P256,Secp-false,true,1,4,false,1,541,69879,839
P256,Secp-false,true,1,4,false,2,541,69879,839
P256,Secp-false,true,1,8,false,0,574,73176,879
P256,Secp-false,true,1,8,false,1,574,71135,854
P256,Secp-false,true,1,8,false,2,574,71147,854
P256,Secp-false,true,1,16,false,0,607,74444,894
P256,Secp-false,true,1,16,false,1,607,72415,869
P256,Secp-false,true,1,16,false,2,607,72415,869
P256,Secp-false,true,1,64,false,0,675,77068,925
P256,Secp-false,true,1,64,false,1,675,75039,901
P256,Secp-false,true,1,64,false,2,675,75051,901
P256,Secp-false,true,1,256,false,0,746,79792,958
P256,Secp-false,true,1,256,false,1,748,77723,933
P256,Secp-false,true,1,256,false,2,748,77723,933
P256,Secp-false,true,2,1,false,0,474,69456,834
P256,Secp-false,true,2,1,false,1,474,67427,810
P256,Secp-false,true,2,1,false,2,474,67427,810
P256,Secp-false,true,2,1,true,0,474,89552,1075
P256,Secp-false,true,2,1,true,1,474,67427,810
P256,Secp-false,true,2,1,true,2,474,67427,810
P256,Secp-false,true,2,2,false,0,507,70676,849
P256,Secp-false,true,2,2,false,1,507,68671,825
P256,Secp-false,true,2,2,false,2,507,68671,825
P256,Secp-false,true,2,4,false,0,541,72008,865
P256,Secp-false,true,2,4,false,1,541,69967,840
P256,Secp-false,true,2,4,false,2,541,69979,840
P256,Secp-false,true,2,8,false,0,574,73276,880
P256,Secp-false,true,2,8,false,1,574,71247,855
P256,Secp-false,true,2,8,false,2,574,71247,855
P256,Secp-false,true,2,16,false,0,607,74544,895
P256,Secp-false,true,2,16,false,1,607,72515,871
P256,Secp-false,true,2,16,false,2,607,72515,871
P256,Secp-false,true,2,64,false,0,675,77168,927
P256,Secp-false,true,2,64,false,1,675,75127,902
P256,Secp-false,true,2,64,false,2,675,75151,902
P256,Secp-false,true,2,256,false,0,746,79880,959
P256,Secp-false,true,2,256,false,1,748,77811,934
P256,Secp-false,true,2,256,false,2,748,77811,934
P256,Secp-false,true,3,1,false,0,552,71016,853
P256,Secp-false,true,3,1,false,1,552,68951,828
P256,Secp-false,true,3,1,false,2,552,68963,828
P256,Secp-false,true,3,1,true,0,552,91112,1094
P256,Secp-false,true,3,1,true,1,552,68951,828
P256,Secp-false,true,3,1,true,2,552,68963,828
P256,Secp-false,true,3,2,false,0,585,72272,868
P256,Secp-false,true,3,2,false,1,585,70219,843
P256,Secp-false,true,3,2,false,2,585,70219,843
P256,Secp-false,true,3,4,false,0,619,73568,883
P256,Secp-false,true,3,4,false,1,619,71515,859
P256,Secp-false,true,3,4,false,2,619,71515,859
P256,Secp-false,true,3,8,false,0,652,74824,898
P256,Secp-false,true,3,8,false,1,652,72771,874
P256,Secp-false,true,3,8,false,2,652,72771,874
P256,Secp-false,true,3,16,false,0,685,76068,913
P256,Secp-false,true,3,16,false,1,685,74015,889
P256,Secp-false,true,3,16,false,2,685,74015,889
P256,Secp-false,true,3,64,false,0,753,78672,945
P256,Secp-false,true,3,64,false,1,753,76619,920
P256,Secp-false,true,3,64,false,2,753,76619,920
P256,Secp-false,true,3,256,false,0,824,81348,977
P256,Secp-false,true,3,256,false,1,826,79255,952
P256,Secp-false,true,3,256,false,2,826,79255,952
P256,Secp-true,false,0,1,false,0,443,63263,760
P256,Secp-true,false,0,1,false,1,443,61258,736
P256,Secp-true,false,0,1,false,2,443,61258,736
P256,Secp-true,false,0,1,true,0,443,83359,1001
P256,Secp-true,false,0,1,true,1,443,61258,736
P256,Secp-true,false,0,1,true,2,443,61258,736
P256,Secp-true,false,0,2,false,0,476,64139,770
P256,Secp-true,false,0,2,false,1,476,62134,746
P256,Secp-true,false,0,2,false,2,476,62134,746
P256,Secp-true,false,0,4,false,0,510,65055,781
P256,Secp-true,false,0,4,false,1,510,63050,757
P256,Secp-true,false,0,4,false,2,510,63050,757
P256,Secp-true,false,0,8,false,0,543,65907,791
P256,Secp-true,false,0,8,false,1,543,63902,767
P256,Secp-true,false,0,8,false,2,543,63902,767
P256,Secp-true,false,0,16,false,0,576,66831,802
P256,Secp-true,false,0,16,false,1,576,64826,778
P256,Secp-true,false,0,16,false,2,576,64826,778
P256,Secp-true,false,0,64,false,0,644,68707,825
P256,Secp-true,false,0,64,false,1,644,66702,801
P256,Secp-true,false,0,64,false,2,644,66702,801
P256,Secp-true,false,0,256,false,0,715,70791,850
P256,Secp-true,false,0,256,false,1,717,68734,825
P256,Secp-true,false,0,256,false,2,717,68734,825
P256,Secp-true,false,1,1,false,0,474,89096,1070
P256,Secp-true,false,1,1,false,1,476,87099,1046
P256,Secp-true,false,1,1,false,2,476,87099,1046
P256,Secp-true,false,1,1,true,0,474,109192,1311
P256,Secp-true,false,1,1,true,1,476,87099,1046
P256,Secp-true,false,1,1,true,2,476,87099,1046
P256,Secp-true,false,1,2,false,0,507,91568,1099
P256,Secp-true,false,1,2,false,1,509,89583,1075
P256,Secp-true,false,1,2,false,2,509,89595,1076
P256,Secp-true,false,1,4,false,0,541,94140,1130
P256,Secp-true,false,1,4,false,1,543,92143,1106
P256,Secp-true,false,1,4,false,2,543,92143,1106
P256,Secp-true,false,1,8,false,0,574,96660,1160
P256,Secp-true,false,1,8,false,1,576,94663,1136
P256,Secp-true,false,1,8,false,2,576,94663,1136
P256,Secp-true,false,1,16,false,0,607,99192,1191
P256,Secp-true,false,1,16,false,1,609,97275,1168
P256,Secp-true,false,1,16,false,2,609,97275,1168
P256,Secp-true,false,1,64,false,0,675,104720,1257
P256,Secp-true,false,1,64,false,1,677,102735,1233
P256,Secp-true,false,1,64,false,2,677,102735,1233
P256,Secp-true,false,1,256,false,0,746,110396,1325
P256,Secp-true,false,1,256,false,1,750,108639,1304
P256,Secp-true,false,1,256,false,2,750,108639,1304
P256,Secp-true,false,2,1,false,0,474,89284,1072
P256,Secp-true,false,2,1,false,1,476,87287,1048
P256,Secp-true,false,2,1,false,2,476,87287,1048
P256,Secp-true,false,2,1,true,0,474,109380,1313
P256,Secp-true,false,2,1,true,1,476,87287,1048
P256,Secp-true,false,2,1,true,2,476,87287,1048
P256,Secp-true,false,2,2,false,0,507,91756,1102
P256,Secp-true,false,2,2,false,1,509,89783,1078
P256,Secp-true,false,2,2,false,2,509,89771,1078
P256,Secp-true,false,2,4,false,0,541,94352,1133
P256,Secp-true,false,2,4,false,1,543,92343,1109
P256,Secp-true,false,2,4,false,2,543,92355,1109
P256,Secp-true,false,2,8,false,0,574,96872,1163
P256,Secp-true,false,2,8,false,1,576,94875,1139
P256,Secp-true,false,2,8,false,2,576,94875,1139
P256,Secp-true,false,2,16,false,0,607,99392,1193
P256,Secp-true,false,2,16,false,1,609,97475,1170
P256,Secp-true,false,2,16,false,2,609,97475,1170
P256,Secp-true,false,2,64,false,0,675,104908,1259
P256,Secp-true,false,2,64,false,1,677,102923,1236
P256,Secp-true,false,2,64,false,2,677,102923,1236
P256,Secp-true,false,2,256,false,0,746,110608,1328
P256,Secp-true,false,2,256,false,1,750,108851,1307
P256,Secp-true,false,2,256,false,2,750,108851,1307
P256,Secp-true,false,3,1,false,0,552,93596,1124
P256,Secp-true,false,3,1,false,1,554,91575,1099
P256,Secp-true,false,3,1,false,2,554,91575,1099
P256,Secp-true,false,3,1,true,0,552,113692,1365
P256,Secp-true,false,3,1,true,1,554,91575,1099
P256,Secp-true,false,3,1,true,2,554,91575,1099
P256,Secp-true,false,3,2,false,0,585,96116,1154
P256,Secp-true,false,3,2,false,1,587,94095,1130
P256,Secp-true,false,3,2,false,2,587,94083,1129
P256,Secp-true,false,3,4,false,0,619,98652,1184
P256,Secp-true,false,3,4,false,1,621,96631,1160
P256,Secp-true,false,3,4,false,2,621,96631,1160
P256,Secp-true,false,3,8,false,0,652,101148,1214
P256,Secp-true,false,3,8,false,1,654,99127,1190
P256,Secp-true,false,3,8,false,2,654,99115,1190
P256,Secp-true,false,3,16,false,0,685,103656,1244
P256,Secp-true,false,3,16,false,1,687,101635,1220
P256,Secp-true,false,3,16,false,2,687,101635,1220
P256,Secp-true,false,3,64,false,0,753,108764,1306
P256,Secp-true,false,3,64,false,1,755,106731,1281
P256,Secp-true,false,3,64,false,2,755,106743,1281
P256,Secp-true,false,3,256,false,0,824,113956,1368
P256,Secp-true,false,3,256,false,1,828,111883,1343
P256,Secp-true,false,3,256,false,2,828,111895,1343
P256,Secp-true,true,0,1,false,0,443,67963,816
P256,Secp-true,true,0,1,false,1,443,65958,792
P256,Secp-true,true,0,1,false,2,443,65958,792
P256,Secp-true,true,0,1,true,0,443,88059,1057
P256,Secp-true,true,0,1,true,1,443,65958,792
P256,Secp-true,true,0,1,true,2,443,65958,792
P256,Secp-true,true,0,2,false,0,476,68839,827
P256,Secp-true,true,0,2,false,1,476,66834,803
P256,Secp-true,true,0,2,false,2,476,66834,803
P256,Secp-true,true,0,4,false,0,510,69755,838
P256,Secp-true,true,0,4,false,1,510,67750,813
P256,Secp-true,true,0,4,false,2,510,67750,813
P256,Secp-true,true,0,8,false,0,543,70607,848
P256,Secp-true,true,0,8,false,1,543,68602,824
P256,Secp-true,true,0,8,false,2,543,68602,824
P256,Secp-true,true,0,16,false,0,576,71531,859
P256,Secp-true,true,0,16,false,1,576,69526,835
P256,Secp-true,true,0,16,false,2,576,69526,835
P256,Secp-true,true,0,64,false,0,644,73407,881
P256,Secp-true,true,0,64,false,1,644,71402,857
P256,Secp-true,true,0,64,false,2,644,71402,857
P256,Secp-true,true,0,256,false,0,715,75491,906
P256,Secp-true,true,0,256,false,1,717,73434,882
P256,Secp-true,true,0,256,false,2,717,73434,882
P256,Secp-true,true,1,1,false,0,474,73364,881
P256,Secp-true,true,1,1,false,1,474,71335,857
P256,Secp-true,true,1,1,false,2,474,71335,857
P256,Secp-true,true,1,1,true,0,474,93460,1122
P256,Secp-true,true,1,1,true,1,474,71335,857
P256,Secp-true,true,1,1,true,2,474,71335,857
P256,Secp-true,true,1,2,false,0,507,74584,896
P256,Secp-true,true,1,2,false,1,507,72579,871
P256,Secp-true,true,1,2,false,2,507,72579,871
P256,Secp-true,true,1,4,false,0,541,75904,911
P256,Secp-true,true,1,4,false,1,541,73875,887
P256,Secp-true,true,1,4,false,2,541,73875,887
P256,Secp-true,true,1,8,false,0,574,77172,927
P256,Secp-true,true,1,8,false,1,574,75143,902
P256,Secp-true,true,1,8,false,2,574,75131,902
P256,Secp-true,true,1,16,false,0,607,78452,942
P256,Secp-true,true,1,16,false,1,607,76423,918
P256,Secp-true,true,1,16,false,2,607,76423,918
P256,Secp-true,true,1,64,false,0,675,81076,973
P256,Secp-true,true,1,64,false,1,675,79059,949
P256,Secp-true,true,1,64,false,2,675,79059,949
P256,Secp-true,true,1,256,false,0,746,83788,1006
P256,Secp-true,true,1,256,false,1,748,81719,981
P256,Secp-true,true,1,256,false,2,748,81719,981
P256,Secp-true,true,2,1,false,0,474,73452,882
P256,Secp-true,true,2,1,false,1,474,71423,858
P256,Secp-true,true,2,1,false,2,474,71423,858
P256,Secp-true,true,2,1,true,0,474,93548,1123
P256,Secp-true,true,2,1,true,1,474,71423,858
P256,Secp-true,true,2,1,true,2,474,71423,858
P256,Secp-true,true,2,2,false,0,507,74672,897
P256,Secp-true,true,2,2,false,1,507,72667,873
P256,Secp-true,true,2,2,false,2,507,72667,873
P256,Secp-true,true,2,4,false,0,541,76016,913
P256,Secp-true,true,2,4,false,1,541,73987,888
P256,Secp-true,true,2,4,false,2,541,73987,888
P256,Secp-true,true,2,8,false,0,574,77284,928
P256,Secp-true,true,2,8,false,1,574,75255,904
P256,Secp-true,true,2,8,false,2,574,75255,904
P256,Secp-true,true,2,16,false,0,607,78552,943
P256,Secp-true,true,2,16,false,1,607,76523,919
P256,Secp-true,true,2,16,false,2,607,76523,919
P256,Secp-true,true,2,64,false,0,675,81164,974
P256,Secp-true,true,2,64,false,1,675,79147,950
P256,Secp-true,true,2,64,false,2,675,79147,950
P256,Secp-true,true,2,256,false,0,746,83900,1007
P256,Secp-true,true,2,256,false,1,748,81831,982
P256,Secp-true,true,2,256,false,2,748,81831,982
P256,Secp-true,true,3,1,false,0,552,75024,901
P256,Secp-true,true,3,1,false,1,552,72971,876
P256,Secp-true,true,3,1,false,2,552,72971,876
P256,Secp-true,true,3,1,true,0,552,95120,1142
P256,Secp-true,true,3,1,true,1,552,72971,876
P256,Secp-true,true,3,1,true,2,552,72971,876
P256,Secp-true,true,3,2,false,0,585,76292,916
P256,Secp-true,true,3,2,false,1,585,74239,891
P256,Secp-true,true,3,2,false,2,585,74239,891
P256,Secp-true,true,3,4,false,0,619,77576,931
P256,Secp-true,true,3,4,false,1,619,75523,907
P256,Secp-true,true,3,4,false,2,619,75523,907
P256,Secp-true,true,3,8,false,0,652,78820,946
P256,Secp-true,true,3,8,false,1,652,76767,922
P256,Secp-true,true,3,8,false,2,652,76767,922
P256,Secp-true,true,3,16,false,0,685,80076,961
P256,Secp-true,true,3,16,false,1,685,78023,937
P256,Secp-true,true,3,16,false,2,685,78023,937
P256,Secp-true,true,3,64,false,0,753,82680,993
P256,Secp-true,true,3,64,false,1,753,80627,968
P256,Secp-true,true,3,64,false,2,753,80615,968
P256,Secp-true,true,3,256,false,0,824,85368,1025
P256,Secp-true,true,3,256,false,1,826,83263,1000
P256,Secp-true,true,3,256,false,2,826,83275,1000
P256,P256-false,false,0,1,false,0,443,64255,772
P256,P256-false,false,0,1,false,1,443,62250,747
P256,P256-false,false,0,1,false,2,443,62250,747
P256,P256-false,false,0,1,true,0,443,84351,1013
P256,P256-false,false,0,1,true,1,443,62250,747
P256,P256-false,false,0,1,true,2,443,62250,747
P256,P256-false,false,0,2,false,0,476,65143,782
P256,P256-false,false,0,2,false,1,476,63138,758
P256,P256-false,false,0,2,false,2,476,63138,758
P256,P256-false,false,0,4,false,0,510,66047,793
P256,P256-false,false,0,4,false,1,510,64042,769
P256,P256-false,false,0,4,false,2,510,64042,769
P256,P256-false,false,0,8,false,0,543,66911,803
P256,P256-false,false,0,8,false,1,543,64906,779
P256,P256-false,false,0,8,false,2,543,64906,779
P256,P256-false,false,0,16,false,0,576,67823,814
P256,P256-false,false,0,16,false,1,576,65818,790
P256,P256-false,false,0,16,false,2,576,65818,790
P256,P256-false,false,0,64,false,0,644,69687,837
P256,P256-false,false,0,64,false,1,644,67682,813
P256,P256-false,false,0,64,false,2,644,67682,813
P256,P256-false,false,0,256,false,0,715,71795,862
P256,P256-false,false,0,256,false,1,717,69750,837
P256,P256-false,false,0,256,false,2,717,69750,837
P256,P256-false,false,1,1,false,0,474,90088,1082
P256,P256-false,false,1,1,false,1,476,88091,1058
P256,P256-false,false,1,1,false,2,476,88091,1058
P256,P256-false,false,1,1,true,0,474,110184,1323
P256,P256-false,false,1,1,true,1,476,88091,1058
P256,P256-false,false,1,1,true,2,476,88091,1058
P256,P256-false,false,1,2,false,0,507,92548,1111
P256,P256-false,false,1,2,false,1,509,90575,1087
P256,P256-false,false,1,2,false,2,509,90575,1087
P256,P256-false,false,1,4,false,0,541,95132,1142
P256,P256-false,false,1,4,false,1,543,93135,1118
P256,P256-false,false,1,4,false,2,543,93135,1118
P256,P256-false,false,1,8,false,0,574,97652,1172
P256,P256-false,false,1,8,false,1,576,95655,1148
P256,P256-false,false,1,8,false,2,576,95655,1148
P256,P256-false,false,1,16,false,0,607,100184,1203
P256,P256-false,false,1,16,false,1,609,98267,1180
P256,P256-false,false,1,16,false,2,609,98255,1180
P256,P256-false,false,1,64,false,0,675,105712,1269
P256,P256-false,false,1,64,false,1,677,103727,1245
P256,P256-false,false,1,64,false,2,677,103715,1245
P256,P256-false,false,1,256,false,0,746,111400,1337
P256,P256-false,false,1,256,false,1,750,109631,1316
P256,P256-false,false,1,256,false,2,750,109643,1316
P256,P256-false,false,2,1,false,0,474,90276,1084
P256,P256-false,false,2,1,false,1,476,88279,1060
P256,P256-false,false,2,1,false,2,476,88279,1060
P256,P256-false,false,2,1,true,0,474,110372,1325
P256,P256-false,false,2,1,true,1,476,88279,1060
P256,P256-false,false,2,1,true,2,476,88279,1060
P256,P256-false,false,2,2,false,0,507,92760,1114
P256,P256-false,false,2,2,false,1,509,90787,1090
P256,P256-false,false,2,2,false,2,509,90787,1090
P256,P256-false,false,2,4,false,0,541,95344,1145
P256,P256-false,false,2,4,false,1,543,93335,1121
P256,P256-false,false,2,4,false,2,543,93347,1121
P256,P256-false,false,2,8,false,0,574,97864,1175
P256,P256-false,false,2,8,false,1,576,95867,1151
P256,P256-false,false,2,8,false,2,576,95867,1151
P256,P256-false,false,2,16,false,0,607,100384,1205
P256,P256-false,false,2,16,false,1,609,98467,1182
P256,P256-false,false,2,16,false,2,609,98455,1182
P256,P256-false,false,2,64,false,0,675,105900,1271
P256,P256-false,false,2,64,false,1,677,103915,1247
P256,P256-false,false,2,64,false,2,677,103915,1247
P256,P256-false,false,2,256,false,0,746,111600,1340
P256,P256-false,false,2,256,false,1,750,109843,1319
P256,P256-false,false,2,256,false,2,750,109843,1319
P256,P256-false,false,3,1,false,0,552,94588,1136
P256,P256-false,false,3,1,false,1,554,92567,1111
P256,P256-false,false,3,1,false,2,554,92567,1111
P256,P256-false,false,3,1,true,0,552,114684,1377
P256,P256-false,false,3,1,true,1,554,92567,1111
P256,P256-false,false,3,1,true,2,554,92567,1111
P256,P256-false,false,3,2,false,0,585,97108,1166
P256,P256-false,false,3,2,false,1,587,95087,1142
P256,P256-false,false,3,2,false,2,587,95087,1142
P256,P256-false,false,3,4,false,0,619,99644,1196
P256,P256-false,false,3,4,false,1,621,97623,1172
P256,P256-false,false,3,4,false,2,621,97623,1172
P256,P256-false,false,3,8,false,0,652,102152,1226
P256,P256-false,false,3,8,false,1,654,100131,1202
P256,P256-false,false,3,8,false,2,654,100131,1202
P256,P256-false,false,3,16,false,0,685,104636,1256
P256,P256-false,false,3,16,false,1,687,102615,1232
P256,P256-false,false,3,16,false,2,687,102615,1232
P256,P256-false,false,3,64,false,0,753,109756,1318
P256,P256-false,false,3,64,false,1,755,107735,1293
P256,P256-false,false,3,64,false,2,755,107735,1293
P256,P256-false,false,3,256,false,0,824,114948,1380
P256,P256-false,false,3,256,false,1,828,112887,1355
P256,P256-false,false,3,256,false,2,828,112887,1355
P256,P256-false,true,0,1,false,0,443,68955,828
P256,P256-false,true,0,1,false,1,443,66950,804
P256,P256-false,true,0,1,false,2,443,66950,804
P256,P256-false,true,0,1,true,0,443,89051,1069
P256,P256-false,true,0,1,true,1,443,66950,804
P256,P256-false,true,0,1,true,2,443,66950,804
P256,P256-false,true,0,2,false,0,476,69843,839
P256,P256-false,true,0,2,false,1,476,67838,815
P256,P256-false,true,0,2,false,2,476,67838,815
P256,P256-false,true,0,4,false,0,510,70747,849
P256,P256-false,true,0,4,false,1,510,68742,825
P256,P256-false,true,0,4,false,2,510,68742,825
P256,P256-false,true,0,8,false,0,543,71611,860
P256,P256-false,true,0,8,false,1,543,69606,836
P256,P256-false,true,0,8,false,2,543,69606,836
P256,P256-false,true,0,16,false,0,576,72523,871
P256,P256-false,true,0,16,false,1,576,70518,847
P256,P256-false,true,0,16,false,2,576,70518,847
P256,P256-false,true,0,64,false,0,644,74387,893
P256,P256-false,true,0,64,false,1,644,72382,869
P256,P256-false,true,0,64,false,2,644,72382,869
P256,P256-false,true,0,256,false,0,715,76495,918
P256,P256-false,true,0,256,false,1,717,74450,894
P256,P256-false,true,0,256,false,2,717,74450,894
P256,P256-false,true,1,1,false,0,474,74356,893
P256,P256-false,true,1,1,false,1,474,72315,868
P256,P256-false,true,1,1,false,2,474,72327,868
P256,P256-false,true,1,1,true,0,474,94452,1134
P256,P256-false,true,1,1,true,1,474,72315,868
P256,P256-false,true,1,1,true,2,474,72327,868
P256,P256-false,true,1,2,false,0,507,75564,907
P256,P256-false,true,1,2,false,1,507,73559,883
P256,P256-false,true,1,2,false,2,507,73559,883
P256,P256-false,true,1,4,false,0,541,76896,923
P256,P256-false,true,1,4,false,1,541,74867,899
P256,P256-false,true,1,4,false,2,541,74867,899
P256,P256-false,true,1,8,false,0,574,78164,938
P256,P256-false,true,1,8,false,1,574,76135,914
P256,P256-false,true,1,8,false,2,574,76123,914
P256,P256-false,true,1,16,false,0,607,79444,954
P256,P256-false,true,1,16,false,1,607,77403,929
P256,P256-false,true,1,16,false,2,607,77415,929
P256,P256-false,true,1,64,false,0,675,82068,985
P256,P256-false,true,1,64,false,1,675,80051,961
P256,P256-false,true,1,64,false,2,675,80039,961
P256,P256-false,true,1,256,false,0,746,84792,1018
P256,P256-false,true,1,256,false,1,748,82723,993
P256,P256-false,true,1,256,false,2,748,82723,993
P256,P256-false,true,2,1,false,0,474,74444,894
P256,P256-false,true,2,1,false,1,474,72415,869
P256,P256-false,true,2,1,false,2,474,72415,869
P256,P256-false,true,2,1,true,0,474,94540,1135
P256,P256-false,true,2,1,true,1,474,72415,869
P256,P256-false,true,2,1,true,2,474,72415,869
P256,P256-false,true,2,2,false,0,507,75676,909
P256,P256-false,true,2,2,false,1,507,73671,885
P256,P256-false,true,2,2,false,2,507,73671,885
P256,P256-false,true,2,4,false,0,541,77008,925
P256,P256-false,true,2,4,false,1,541,74979,900
P256,P256-false,true,2,4,false,2,541,74979,900
P256,P256-false,true,2,8,false,0,574,78276,940
P256,P256-false,true,2,8,false,1,574,76247,915
P256,P256-false,true,2,8,false,2,574,76247,915
P256,P256-false,true,2,16,false,0,607,79544,955
P256,P256-false,true,2,16,false,1,607,77515,931
P256,P256-false,true,2,16,false,2,607,77515,931
P256,P256-false,true,2,64,false,0,675,82156,986
P256,P256-false,true,2,64,false,1,675,80139,962
P256,P256-false,true,2,64,false,2,675,80139,962
P256,P256-false,true,2,256,false,0,746,84892,1019
P256,P256-false,true,2,256,false,1,748,82823,994
P256,P256-false,true,2,256,false,2,748,82823,994
P256,P256-false,true,3,1,false,0,552,76016,913
P256,P256-false,true,3,1,false,1,552,73963,888
P256,P256-false,true,3,1,false,2,552,73963,888
P256,P256-false,true,3,1,true,0,552,96112,1154
P256,P256-false,true,3,1,true,1,552,73963,888
P256,P256-false,true,3,1,true,2,552,73963,888
P256,P256-false,true,3,2,false,0,585,77284,928
P256,P256-false,true,3,2,false,1,585,75231,903
P256,P256-false,true,3,2,false,2,585,75231,903
P256,P256-false,true,3,4,false,0,619,78568,943
P256,P256-false,true,3,4,false,1,619,76515,919
P256,P256-false,true,3,4,false,2,619,76515,919
P256,P256-false,true,3,8,false,0,652,79824,958
P256,P256-false,true,3,8,false,1,652,77771,934
P256,P256-false,true,3,8,false,2,652,77771,934
P256,P256-false,true,3,16,false,0,685,81056,973
P256,P256-false,true,3,16,false,1,685,79003,949
P256,P256-false,true,3,16,false,2,685,79003,949
P256,P256-false,true,3,64,false,0,753,83672,1005
P256,P256-false,true,3,64,false,1,753,81619,980
P256,P256-false,true,3,64,false,2,753,81619,980
P256,P256-false,true,3,256,false,0,824,86360,1037
P256,P256-false,true,3,256,false,1,826,84267,1012
P256,P256-false,true,3,256,false,2,826,84267,1012
P256,P256-true,false,0,1,false,0,443,68263,820
P256,P256-true,false,0,1,false,1,443,66258,796
P256,P256-true,false,0,1,false,2,443,66258,796
P256,P256-true,false,0,1,true,0,443,88359,1061
P256,P256-true,false,0,1,true,1,443,66258,796
P256,P256-true,false,0,1,true,2,443,66258,796
P256,P256-true,false,0,2,false,0,476,69127,830
P256,P256-true,false,0,2,false,1,476,67122,806
P256,P256-true,false,0,2,false,2,476,67122,806
P256,P256-true,false,0,4,false,0,510,70055,841
P256,P256-true,false,0,4,false,1,510,68050,817
P256,P256-true,false,0,4,false,2,510,68050,817
P256,P256-true,false,0,8,false,0,543,70907,851
P256,P256-true,false,0,8,false,1,543,68902,827
P256,P256-true,false,0,8,false,2,543,68902,827
P256,P256-true,false,0,16,false,0,576,71831,862
P256,P256-true,false,0,16,false,1,576,69826,838
P256,P256-true,false,0,16,false,2,576,69826,838
P256,P256-true,false,0,64,false,0,644,73707,885
P256,P256-true,false,0,64,false,1,644,71702,861
P256,P256-true,false,0,64,false,2,644,71702,861
P256,P256-true,false,0,256,false,0,715,75803,910
P256,P256-true,false,0,256,false,1,717,73758,886
P256,P256-true,false,0,256,false,2,717,73758,886
P256,P256-true,false,1,1,false,0,474,94096,1130
P256,P256-true,false,1,1,false,1,476,92099,1106
P256,P256-true,false,1,1,false,2,476,92099,1106
P256,P256-true,false,1,1,true,0,474,114192,1371
P256,P256-true,false,1,1,true,1,476,92099,1106
P256,P256-true,false,1,1,true,2,476,92099,1106
P256,P256-true,false,1,2,false,0,507,96568,1159
P256,P256-true,false,1,2,false,1,509,94595,1136
P256,P256-true,false,1,2,false,2,509,94595,1136
P256,P256-true,false,1,4,false,0,541,99152,1190
P256,P256-true,false,1,4,false,1,543,97143,1166
P256,P256-true,false,1,4,false,2,543,97143,1166
P256,P256-true,false,1,8,false,0,574,101672,1221
P256,P256-true,false,1,8,false,1,576,99675,1197
P256,P256-true,false,1,8,false,2,576,99675,1197
P256,P256-true,false,1,16,false,0,607,104180,1251
P256,P256-true,false,1,16,false,1,609,102263,1228
P256,P256-true,false,1,16,false,2,609,102263,1228
P256,P256-true,false,1,64,false,0,675,109720,1317
P256,P256-true,false,1,64,false,1,677,107723,1293
P256,P256-true,false,1,64,false,2,677,107735,1293
P256,P256-true,false,1,256,false,0,746,115408,1385
P256,P256-true,false,1,256,false,1,750,113639,1364
P256,P256-true,false,1,256,false,2,750,113651,1364
P256,P256-true,false,2,1,false,0,474,94296,1132
P256,P256-true,false,2,1,false,1,476,92299,1108
P256,P256-true,false,2,1,false,2,476,92299,1108
P256,P256-true,false,2,1,true,0,474,114392,1373
P256,P256-true,false,2,1,true,1,476,92299,1108
P256,P256-true,false,2,1,true,2,476,92299,1108
P256,P256-true,false,2,2,false,0,507,96756,1162
P256,P256-true,false,2,2,false,1,509,94783,1138
P256,P256-true,false,2,2,false,2,509,94783,1138
P256,P256-true,false,2,4,false,0,541,99352,1193
P256,P256-true,false,2,4,false,1,543,97355,1169
P256,P256-true,false,2,4,false,2,543,97355,1169
P256,P256-true,false,2,8,false,0,574,101860,1223
P256,P256-true,false,2,8,false,1,576,99863,1199
P256,P256-true,false,2,8,false,2,576,99863,1199
P256,P256-true,false,2,16,false,0,607,104392,1253
P256,P256-true,false,2,16,false,1,609,102463,1230
P256,P256-true,false,2,16,false,2,609,102463,1230
P256,P256-true,false,2,64,false,0,675,109920,1320
P256,P256-true,false,2,64,false,1,677,107935,1296
P256,P256-true,false,2,64,false,2,677,107935,1296
P256,P256-true,false,2,256,false,0,746,115608,1388
P256,P256-true,false,2,256,false,1,750,113851,1367
P256,P256-true,false,2,256,false,2,750,113839,1367
P256,P256-true,false,3,1,false,0,552,98584,1184
P256,P256-true,false,3,1,false,1,554,96563,1159
P256,P256-true,false,3,1,false,2,554,96563,1159
P256,P256-true,false,3,1,true,0,552,118680,1425
P256,P256-true,false,3,1,true,1,554,96563,1159
P256,P256-true,false,3,1,true,2,554,96563,1159
P256,P256-true,false,3,2,false,0,585,101116,1214
P256,P256-true,false,3,2,false,1,587,99095,1190
P256,P256-true,false,3,2,false,2,587,99095,1190
P256,P256-true,false,3,4,false,0,619,103640,1244
P256,P256-true,false,3,4,false,1,621,101619,1220
P256,P256-true,false,3,4,false,2,621,101619,1220
P256,P256-true,false,3,8,false,0,652,106148,1274
P256,P256-true,false,3,8,false,1,654,104127,1250
P256,P256-true,false,3,8,false,2,654,104127,1250
P256,P256-true,false,3,16,false,0,685,108644,1304
P256,P256-true,false,3,16,false,1,687,106623,1280
P256,P256-true,false,3,16,false,2,687,106623,1280
P256,P256-true,false,3,64,false,0,753,113764,1366
P256,P256-true,false,3,64,false,1,755,111743,1341
P256,P256-true,false,3,64,false,2,755,111743,1341
P256,P256-true,false,3,256,false,0,824,118956,1428
P256,P256-true,false,3,256,false,1,828,116895,1403
P256,P256-true,false,3,256,false,2,828,116895,1403
P256,P256-true,true,0,1,false,0,443,72963,876
P256,P256-true,true,0,1,false,1,443,70958,852
P256,P256-true,true,0,1,false,2,443,70958,852
P256,P256-true,true,0,1,true,0,443,93059,1117
P256,P256-true,true,0,1,true,1,443,70958,852
P256,P256-true,true,0,1,true,2,443,70958,852
P256,P256-true,true,0,2,false,0,476,73827,886
P256,P256-true,true,0,2,false,1,476,71822,862
P256,P256-true,true,0,2,false,2,476,71822,862
P256,P256-true,true,0,4,false,0,510,74755,898
P256,P256-true,true,0,4,false,1,510,72750,873
P256,P256-true,true,0,4,false,2,510,72750,873
P256,P256-true,true,0,8,false,0,543,75607,908
P256,P256-true,true,0,8,false,1,543,73602,884
P256,P256-true,true,0,8,false,2,543,73602,884
P256,P256-true,true,0,16,false,0,576,76531,919
P256,P256-true,true,0,16,false,1,576,74526,895
P256,P256-true,true,0,16,false,2,576,74526,895
P256,P256-true,true,0,64,false,0,644,78407,941
P256,P256-true,true,0,64,false,1,644,76402,917
P256,P256-true,true,0,64,false,2,644,76402,917
P256,P256-true,true,0,256,false,0,715,80503,967
P256,P256-true,true,0,256,false,1,717,78458,942
P256,P256-true,true,0,256,false,2,717,78458,942
P256,P256-true,true,1,1,false,0,474,78364,941
P256,P256-true,true,1,1,false,1,474,76335,917
P256,P256-true,true,1,1,false,2,474,76335,917
P256,P256-true,true,1,1,true,0,474,98460,1182
P256,P256-true,true,1,1,true,1,474,76335,917
P256,P256-true,true,1,1,true,2,474,76335,917
P256,P256-true,true,1,2,false,0,507,79584,956
P256,P256-true,true,1,2,false,1,507,77579,931
P256,P256-true,true,1,2,false,2,507,77579,931
P256,P256-true,true,1,4,false,0,541,80916,971
P256,P256-true,true,1,4,false,1,541,78887,947
P256,P256-true,true,1,4,false,2,541,78875,947
P256,P256-true,true,1,8,false,0,574,82184,987
P256,P256-true,true,1,8,false,1,574,80155,962
P256,P256-true,true,1,8,false,2,574,80155,962
P256,P256-true,true,1,16,false,0,607,83440,1002
P256,P256-true,true,1,16,false,1,607,81411,977
P256,P256-true,true,1,16,false,2,607,81411,977
P256,P256-true,true,1,64,false,0,675,86076,1033
P256,P256-true,true,1,64,false,1,675,84059,1009
P256,P256-true,true,1,64,false,2,675,84047,1009
P256,P256-true,true,1,256,false,0,746,88800,1066
P256,P256-true,true,1,256,false,1,748,86731,1041
P256,P256-true,true,1,256,false,2,748,86731,1041
P256,P256-true,true,2,1,false,0,474,78464,942
P256,P256-true,true,2,1,false,1,474,76435,918
P256,P256-true,true,2,1,false,2,474,76435,918
P256,P256-true,true,2,1,true,0,474,98560,1183
P256,P256-true,true,2,1,true,1,474,76435,918
P256,P256-true,true,2,1,true,2,474,76435,918
P256,P256-true,true,2,2,false,0,507,79672,957
P256,P256-true,true,2,2,false,1,507,77667,933
P256,P256-true,true,2,2,false,2,507,77667,933
P256,P256-true,true,2,4,false,0,541,81016,973
P256,P256-true,true,2,4,false,1,541,78987,948
P256,P256-true,true,2,4,false,2,541,78987,948
P256,P256-true,true,2,8,false,0,574,82272,988
P256,P256-true,true,2,8,false,1,574,80243,963
P256,P256-true,true,2,8,false,2,574,80231,963
P256,P256-true,true,2,16,false,0,607,83552,1003
P256,P256-true,true,2,16,false,1,607,81511,979
P256,P256-true,true,2,16,false,2,607,81523,979
P256,P256-true,true,2,64,false,0,675,86176,1035
P256,P256-true,true,2,64,false,1,675,84159,1010
P256,P256-true,true,2,64,false,2,675,84159,1010
P256,P256-true,true,2,256,false,0,746,88900,1067
P256,P256-true,true,2,256,false,1,748,86831,1042
P256,P256-true,true,2,256,false,2,748,86831,1042
P256,P256-true,true,3,1,false,0,552,80012,961
P256,P256-true,true,3,1,false,1,552,77959,936
P256,P256-true,true,3,1,false,2,552,77959,936
P256,P256-true,true,3,1,true,0,552,100108,1202
P256,P256-true,true,3,1,true,1,552,77959,936
P256,P256-true,true,3,1,true,2,552,77959,936
P256,P256-true,true,3,2,false,0,585,81292,976
P256,P256-true,true,3,2,false,1,585,79239,951
P256,P256-true,true,3,2,false,2,585,79239,951
P256,P256-true,true,3,4,false,0,619,82564,991
P256,P256-true,true,3,4,false,1,619,80511,967
P256,P256-true,true,3,4,false,2,619,80511,967
P256,P256-true,true,3,8,false,0,652,83820,1006
P256,P256-true,true,3,8,false,1,652,81767,982
P256,P256-true,true,3,8,false,2,652,81767,982
P256,P256-true,true,3,16,false,0,685,85064,1021
P256,P256-true,true,3,16,false,1,685,83011,997
P256,P256-true,true,3,16,false,2,685,83011,997
P256,P256-true,true,3,64,false,0,753,87680,1053
P256,P256-true,true,3,64,false,1,753,85627,1028
P256,P256-true,true,3,64,false,2,753,85627,1028
P256,P256-true,true,3,256,false,0,824,90368,1085
P256,P256-true,true,3,256,false,1,826,88275,1060
P256,P256-true,true,3,256,false,2,826,88275,1060
P256,WebAuthn-false,false,0,1,false,0,443,66271,796
P256,WebAuthn-false,false,0,1,false,1,443,64266,772
P256,WebAuthn-false,false,0,1,false,2,443,64266,772
P256,WebAuthn-false,false,0,1,true,0,443,86367,1037
P256,WebAuthn-false,false,0,1,true,1,443,64266,772
P256,WebAuthn-false,false,0,1,true,2,443,64266,772
P256,WebAuthn-false,false,0,2,false,0,476,67159,806
P256,WebAuthn-false,false,0,2,false,1,476,65154,782
P256,WebAuthn-false,false,0,2,false,2,476,65154,782
P256,WebAuthn-false,false,0,4,false,0,510,68063,817
P256,WebAuthn-false,false,0,4,false,1,510,66058,793
P256,WebAuthn-false,false,0,4,false,2,510,66058,793
P256,WebAuthn-false,false,0,8,false,0,543,68927,828
P256,WebAuthn-false,false,0,8,false,1,543,66922,804
P256,WebAuthn-false,false,0,8,false,2,543,66922,804
P256,WebAuthn-false,false,0,16,false,0,576,69839,839
P256,WebAuthn-false,false,0,16,false,1,576,67834,815
P256,WebAuthn-false,false,0,16,false,2,576,67834,815
P256,WebAuthn-false,false,0,64,false,0,644,71715,861
P256,WebAuthn-false,false,0,64,false,1,644,69710,837
P256,WebAuthn-false,false,0,64,false,2,644,69710,837
P256,WebAuthn-false,false,0,256,false,0,715,73799,886
P256,WebAuthn-false,false,0,256,false,1,717,71754,862
P256,WebAuthn-false,false,0,256,false,2,717,71754,862
P256,WebAuthn-false,false,1,1,false,0,474,92104,1106
P256,WebAuthn-false,false,1,1,false,1,476,90107,1082
P256,WebAuthn-false,false,1,1,false,2,476,90107,1082
P256,WebAuthn-false,false,1,1,true,0,474,112200,1347
P256,WebAuthn-false,false,1,1,true,1,476,90107,1082
P256,WebAuthn-false,false,1,1,true,2,476,90107,1082
P256,WebAuthn-false,false,1,2,false,0,507,94564,1135
P256,WebAuthn-false,false,1,2,false,1,509,92591,1112
P256,WebAuthn-false,false,1,2,false,2,509,92591,1112
P256,WebAuthn-false,false,1,4,false,0,541,97148,1166
P256,WebAuthn-false,false,1,4,false,1,543,95151,1142
P256,WebAuthn-false,false,1,4,false,2,543,95151,1142
P256,WebAuthn-false,false,1,8,false,0,574,99656,1196
P256,WebAuthn-false,false,1,8,false,1,576,97659,1172
P256,WebAuthn-false,false,1,8,false,2,576,97659,1172
P256,WebAuthn-false,false,1,16,false,0,607,102188,1227
P256,WebAuthn-false,false,1,16,false,1,609,100271,1204
P256,WebAuthn-false,false,1,16,false,2,609,100271,1204
P256,WebAuthn-false,false,1,64,false,0,675,107728,1293
P256,WebAuthn-false,false,1,64,false,1,677,105731,1269
P256,WebAuthn-false,false,1,64,false,2,677,105743,1269
P256,WebAuthn-false,false,1,256,false,0,746,113416,1361
P256,WebAuthn-false,false,1,256,false,1,750,111659,1340
P256,WebAuthn-false,false,1,256,false,2,750,111659,1340
P256,WebAuthn-false,false,2,1,false,0,474,92304,1108
P256,WebAuthn-false,false,2,1,false,1,476,90307,1084
P256,WebAuthn-false,false,2,1,false,2,476,90307,1084
P256,WebAuthn-false,false,2,1,true,0,474,112400,1349
P256,WebAuthn-false,false,2,1,true,1,476,90307,1084
P256,WebAuthn-false,false,2,1,true,2,476,90307,1084
P256,WebAuthn-false,false,2,2,false,0,507,94776,1138
P256,WebAuthn-false,false,2,2,false,1,509,92803,1114
P256,WebAuthn-false,false,2,2,false,2,509,92803,1114
P256,WebAuthn-false,false,2,4,false,0,541,97360,1169
P256,WebAuthn-false,false,2,4,false,1,543,95351,1145
P256,WebAuthn-false,false,2,4,false,2,543,95363,1145
P256,WebAuthn-false,false,2,8,false,0,574,99880,1199
P256,WebAuthn-false,false,2,8,false,1,576,97883,1175
P256,WebAuthn-false,false,2,8,false,2,576,97883,1175
P256,WebAuthn-false,false,2,16,false,0,607,102400,1229
P256,WebAuthn-false,false,2,16,false,1,609,100471,1206
P256,WebAuthn-false,false,2,16,false,2,609,100483,1206
P256,WebAuthn-false,false,2,64,false,0,675,107916,1295
P256,WebAuthn-false,false,2,64,false,1,677,105931,1272
P256,WebAuthn-false,false,2,64,false,2,677,105931,1272
P256,WebAuthn-false,false,2,256,false,0,746,113616,1364
P256,WebAuthn-false,false,2,256,false,1,750,111847,1343
P256,WebAuthn-false,false,2,256,false,2,750,111859,1343
P256,WebAuthn-false,false,3,1,false,0,552,96592,1160
P256,WebAuthn-false,false,3,1,false,1,554,94571,1135
P256,WebAuthn-false,false,3,1,false,2,554,94571,1135
P256,WebAuthn-false,false,3,1,true,0,552,116688,1401
P256,WebAuthn-false,false,3,1,true,1,554,94559,1135
P256,WebAuthn-false,false,3,1,true,2,554,94571,1135
P256,WebAuthn-false,false,3,2,false,0,585,99112,1190
P256,WebAuthn-false,false,3,2,false,1,587,97091,1166
P256,WebAuthn-false,false,3,2,false,2,587,97091,1166
P256,WebAuthn-false,false,3,4,false,0,619,101660,1220
P256,WebAuthn-false,false,3,4,false,1,621,99639,1196
P256,WebAuthn-false,false,3,4,false,2,621,99627,1196
P256,WebAuthn-false,false,3,8,false,0,652,104168,1251
P256,WebAuthn-false,false,3,8,false,1,654,102147,1226
P256,WebAuthn-false,false,3,8,false,2,654,102135,1226
P256,WebAuthn-false,false,3,16,false,0,685,106664,1280
P256,WebAuthn-false,false,3,16,false,1,687,104643,1256
P256,WebAuthn-false,false,3,16,false,2,687,104643,1256
P256,WebAuthn-false,false,3,64,false,0,753,111772,1342
P256,WebAuthn-false,false,3,64,false,1,755,109751,1318
P256,WebAuthn-false,false,3,64,false,2,755,109751,1318
P256,WebAuthn-false,false,3,256,false,0,824,116964,1404
P256,WebAuthn-false,false,3,256,false,1,828,114903,1379
P256,WebAuthn-false,false,3,256,false,2,828,114903,1379
P256,WebAuthn-false,true,0,1,false,0,443,70971,852
P256,WebAuthn-false,true,0,1,false,1,443,68966,828
P256,WebAuthn-false,true,0,1,false,2,443,68966,828
P256,WebAuthn-false,true,0,1,true,0,443,91067,1093
P256,WebAuthn-false,true,0,1,true,1,443,68966,828
P256,WebAuthn-false,true,0,1,true,2,443,68966,828
P256,WebAuthn-false,true,0,2,false,0,476,71859,863
P256,WebAuthn-false,true,0,2,false,1,476,69854,839
P256,WebAuthn-false,true,0,2,false,2,476,69854,839
P256,WebAuthn-false,true,0,4,false,0,510,72763,874
P256,WebAuthn-false,true,0,4,false,1,510,70758,850
P256,WebAuthn-false,true,0,4,false,2,510,70758,850
P256,WebAuthn-false,true,0,8,false,0,543,73627,884
P256,WebAuthn-false,true,0,8,false,1,543,71622,860
P256,WebAuthn-false,true,0,8,false,2,543,71622,860
P256,WebAuthn-false,true,0,16,false,0,576,74539,895
P256,WebAuthn-false,true,0,16,false,1,576,72534,871
P256,WebAuthn-false,true,0,16,false,2,576,72534,871
P256,WebAuthn-false,true,0,64,false,0,644,76415,917
P256,WebAuthn-false,true,0,64,false,1,644,74410,893
P256,WebAuthn-false,true,0,64,false,2,644,74410,893
P256,WebAuthn-false,true,0,256,false,0,715,78499,942
P256,WebAuthn-false,true,0,256,false,1,717,76454,918
P256,WebAuthn-false,true,0,256,false,2,717,76454,918
P256,WebAuthn-false,true,1,1,false,0,474,76372,917
P256,WebAuthn-false,true,1,1,false,1,474,74343,893
P256,WebAuthn-false,true,1,1,false,2,474,74343,893
P256,WebAuthn-false,true,1,1,true,0,474,96468,1158
P256,WebAuthn-false,true,1,1,true,1,474,74343,893
P256,WebAuthn-false,true,1,1,true,2,474,74343,893
P256,WebAuthn-false,true,1,2,false,0,507,77580,931
P256,WebAuthn-false,true,1,2,false,1,507,75575,907
P256,WebAuthn-false,true,1,2,false,2,507,75575,907
P256,WebAuthn-false,true,1,4,false,0,541,78912,947
P256,WebAuthn-false,true,1,4,false,1,541,76883,923
P256,WebAuthn-false,true,1,4,false,2,541,76883,923
P256,WebAuthn-false,true,1,8,false,0,574,80168,963
P256,WebAuthn-false,true,1,8,false,1,574,78127,938
P256,WebAuthn-false,true,1,8,false,2,574,78139,938
P256,WebAuthn-false,true,1,16,false,0,607,81448,978
P256,WebAuthn-false,true,1,16,false,1,607,79419,954
P256,WebAuthn-false,true,1,16,false,2,607,79419,954
P256,WebAuthn-false,true,1,64,false,0,675,84084,1010
P256,WebAuthn-false,true,1,64,false,1,675,82067,985
P256,WebAuthn-false,true,1,64,false,2,675,82067,985
P256,WebAuthn-false,true,1,256,false,0,746,86808,1042
P256,WebAuthn-false,true,1,256,false,1,748,84739,1017
P256,WebAuthn-false,true,1,256,false,2,748,84739,1017
P256,WebAuthn-false,true,2,1,false,0,474,76472,918
P256,WebAuthn-false,true,2,1,false,1,474,74443,894
P256,WebAuthn-false,true,2,1,false,2,474,74443,894
P256,WebAuthn-false,true,2,1,true,0,474,96568,1159
P256,WebAuthn-false,true,2,1,true,1,474,74443,894
P256,WebAuthn-false,true,2,1,true,2,474,74443,894
P256,WebAuthn-false,true,2,2,false,0,507,77692,933
P256,WebAuthn-false,true,2,2,false,1,507,75675,909
P256,WebAuthn-false,true,2,2,false,2,507,75687,909
P256,WebAuthn-false,true,2,4,false,0,541,79024,949
P256,WebAuthn-false,true,2,4,false,1,541,76983,924
P256,WebAuthn-false,true,2,4,false,2,541,76995,924
P256,WebAuthn-false,true,2,8,false,0,574,80292,964
P256,WebAuthn-false,true,2,8,false,1,574,78263,940
P256,WebAuthn-false,true,2,8,false,2,574,78263,940
P256,WebAuthn-false,true,2,16,false,0,607,81560,979
P256,WebAuthn-false,true,2,16,false,1,607,79531,955
P256,WebAuthn-false,true,2,16,false,2,607,79531,955
P256,WebAuthn-false,true,2,64,false,0,675,84172,1011
P256,WebAuthn-false,true,2,64,false,1,675,82155,986
P256,WebAuthn-false,true,2,64,false,2,675,82155,986
P256,WebAuthn-false,true,2,256,false,0,746,86908,1043
P256,WebAuthn-false,true,2,256,false,1,748,84839,1019
P256,WebAuthn-false,true,2,256,false,2,748,84839,1019
P256,WebAuthn-false,true,3,1,false,0,552,78020,937
P256,WebAuthn-false,true,3,1,false,1,552,75967,912
P256,WebAuthn-false,true,3,1,false,2,552,75967,912
P256,WebAuthn-false,true,3,1,true,0,552,98116,1178
P256,WebAuthn-false,true,3,1,true,1,552,75967,912
P256,WebAuthn-false,true,3,1,true,2,552,75967,912
P256,WebAuthn-false,true,3,2,false,0,585,79288,952
P256,WebAuthn-false,true,3,2,false,1,585,77235,927
P256,WebAuthn-false,true,3,2,false,2,585,77235,927
P256,WebAuthn-false,true,3,4,false,0,619,80584,968
P256,WebAuthn-false,true,3,4,false,1,619,78531,943
P256,WebAuthn-false,true,3,4,false,2,619,78531,943
P256,WebAuthn-false,true,3,8,false,0,652,81840,983
P256,WebAuthn-false,true,3,8,false,1,652,79787,958
P256,WebAuthn-false,true,3,8,false,2,652,79787,958
P256,WebAuthn-false,true,3,16,false,0,685,83084,998
P256,WebAuthn-false,true,3,16,false,1,685,81031,973
P256,WebAuthn-false,true,3,16,false,2,685,81031,973
P256,WebAuthn-false,true,3,64,false,0,753,85688,1029
P256,WebAuthn-false,true,3,64,false,1,753,83635,1004
P256,WebAuthn-false,true,3,64,false,2,753,83635,1004
P256,WebAuthn-false,true,3,256,false,0,824,88376,1061
P256,WebAuthn-false,true,3,256,false,1,826,86283,1036
P256,WebAuthn-false,true,3,256,false,2,826,86283,1036
P256,WebAuthn-true,false,0,1,false,0,443,70279,844
P256,WebAuthn-true,false,0,1,false,1,443,68274,820
P256,WebAuthn-true,false,0,1,false,2,443,68274,820
P256,WebAuthn-true,false,0,1,true,0,443,90375,1085
P256,WebAuthn-true,false,0,1,true,1,443,68274,820
P256,WebAuthn-true,false,0,1,true,2,443,68274,820
P256,WebAuthn-true,false,0,2,false,0,476,71143,854
P256,WebAuthn-true,false,0,2,false,1,476,69138,830
P256,WebAuthn-true,false,0,2,false,2,476,69138,830
P256,WebAuthn-true,false,0,4,false,0,510,72071,865
P256,WebAuthn-true,false,0,4,false,1,510,70066,841
P256,WebAuthn-true,false,0,4,false,2,510,70066,841
P256,WebAuthn-true,false,0,8,false,0,543,72923,876
P256,WebAuthn-true,false,0,8,false,1,543,70918,852
P256,WebAuthn-true,false,0,8,false,2,543,70918,852
P256,WebAuthn-true,false,0,16,false,0,576,73847,887
P256,WebAuthn-true,false,0,16,false,1,576,71842,863
P256,WebAuthn-true,false,0,16,false,2,576,71842,863
P256,WebAuthn-true,false,0,64,false,0,644,75723,909
P256,WebAuthn-true,false,0,64,false,1,644,73718,885
P256,WebAuthn-true,false,0,64,false,2,644,73718,885
P256,WebAuthn-true,false,0,256,false,0,715,77819,934
P256,WebAuthn-true,false,0,256,false,1,717,75774,910
P256,WebAuthn-true,false,0,256,false,2,717,75774,910
P256,WebAuthn-true,false,1,1,false,0,474,96112,1154
P256,WebAuthn-true,false,1,1,false,1,476,94115,1130
P256,WebAuthn-true,false,1,1,false,2,476,94079,1129
P256,WebAuthn-true,false,1,1,true,0,474,116208,1395
P256,WebAuthn-true,false,1,1,true,1,476,94115,1130
P256,WebAuthn-true,false,1,1,true,2,476,94115,1130
P256,WebAuthn-true,false,1,2,false,0,507,98584,1184
P256,WebAuthn-true,false,1,2,false,1,509,96611,1160
P256,WebAuthn-true,false,1,2,false,2,509,96611,1160
P256,WebAuthn-true,false,1,4,false,0,541,101168,1215
P256,WebAuthn-true,false,1,4,false,1,543,99171,1191
P256,WebAuthn-true,false,1,4,false,2,543,99171,1191
P256,WebAuthn-true,false,1,8,false,0,574,103688,1245
P256,WebAuthn-true,false,1,8,false,1,576,101691,1221
P256,WebAuthn-true,false,1,8,false,2,576,101691,1221
P256,WebAuthn-true,false,1,16,false,0,607,106196,1275
P256,WebAuthn-true,false,1,16,false,1,609,104279,1252
P256,WebAuthn-true,false,1,16,false,2,609,104279,1252
P256,WebAuthn-true,false,1,64,false,0,675,111736,1341
P256,WebAuthn-true,false,1,64,false,1,677,109751,1318
P256,WebAuthn-true,false,1,64,false,2,677,109751,1318
P256,WebAuthn-true,false,1,256,false,0,746,117424,1410
P256,WebAuthn-true,false,1,256,false,1,750,115667,1389
P256,WebAuthn-true,false,1,256,false,2,750,115667,1389
P256,WebAuthn-true,false,2,1,false,0,474,96312,1156
P256,WebAuthn-true,false,2,1,false,1,476,94315,1132
P256,WebAuthn-true,false,2,1,false,2,476,94315,1132
P256,WebAuthn-true,false,2,1,true,0,474,116408,1397
P256,WebAuthn-true,false,2,1,true,1,476,94303,1132
P256,WebAuthn-true,false,2,1,true,2,476,94315,1132
P256,WebAuthn-true,false,2,2,false,0,507,98772,1186
P256,WebAuthn-true,false,2,2,false,1,509,96799,1162
P256,WebAuthn-true,false,2,2,false,2,509,96799,1162
P256,WebAuthn-true,false,2,4,false,0,541,101368,1217
P256,WebAuthn-true,false,2,4,false,1,543,99371,1193
P256,WebAuthn-true,false,2,4,false,2,543,99371,1193
P256,WebAuthn-true,false,2,8,false,0,574,103876,1247
P256,WebAuthn-true,false,2,8,false,1,576,101879,1223
P256,WebAuthn-true,false,2,8,false,2,576,101879,1223
P256,WebAuthn-true,false,2,16,false,0,607,106408,1277
P256,WebAuthn-true,false,2,16,false,1,609,104491,1254
P256,WebAuthn-true,false,2,16,false,2,609,104491,1254
P256,WebAuthn-true,false,2,64,false,0,675,111936,1344
P256,WebAuthn-true,false,2,64,false,1,677,109951,1320
P256,WebAuthn-true,false,2,64,false,2,677,109951,1320
P256,WebAuthn-true,false,2,256,false,0,746,117624,1412
P256,WebAuthn-true,false,2,256,false,1,750,115867,1391
P256,WebAuthn-true,false,2,256,false,2,750,115867,1391
P256,WebAuthn-true,false,3,1,false,0,552,100600,1208
P256,WebAuthn-true,false,3,1,false,1,554,98579,1183
P256,WebAuthn-true,false,3,1,false,2,554,98579,1183
P256,WebAuthn-true,false,3,1,true,0,552,120696,1449
P256,WebAuthn-true,false,3,1,true,1,554,98579,1183
P256,WebAuthn-true,false,3,1,true,2,554,98579,1183
P256,WebAuthn-true,false,3,2,false,0,585,103132,1238
P256,WebAuthn-true,false,3,2,false,1,587,101111,1214
P256,WebAuthn-true,false,3,2,false,2,587,101111,1214
P256,WebAuthn-true,false,3,4,false,0,619,105656,1268
P256,WebAuthn-true,false,3,4,false,1,621,103635,1244
P256,WebAuthn-true,false,3,4,false,2,621,103635,1244
P256,WebAuthn-true,false,3,8,false,0,652,108164,1298
P256,WebAuthn-true,false,3,8,false,1,654,106143,1274
P256,WebAuthn-true,false,3,8,false,2,654,106143,1274
P256,WebAuthn-true,false,3,16,false,0,685,110660,1328
P256,WebAuthn-true,false,3,16,false,1,687,108639,1304
P256,WebAuthn-true,false,3,16,false,2,687,108627,1304
P256,WebAuthn-true,false,3,64,false,0,753,115780,1390
P256,WebAuthn-true,false,3,64,false,1,755,113759,1366
P256,WebAuthn-true,false,3,64,false,2,755,113759,1366
P256,WebAuthn-true,false,3,256,false,0,824,120972,1452
P256,WebAuthn-true,false,3,256,false,1,828,118911,1427
P256,WebAuthn-true,false,3,256,false,2,828,118911,1427
P256,WebAuthn-true,true,0,1,false,0,443,74979,900
P256,WebAuthn-true,true,0,1,false,1,443,72974,876
P256,WebAuthn-true,true,0,1,false,2,443,72974,876
P256,WebAuthn-true,true,0,1,true,0,443,95075,1141
P256,WebAuthn-true,true,0,1,true,1,443,72974,876
P256,WebAuthn-true,true,0,1,true,2,443,72974,876
P256,WebAuthn-true,true,0,2,false,0,476,75843,911
P256,WebAuthn-true,true,0,2,false,1,476,73838,887
P256,WebAuthn-true,true,0,2,false,2,476,73838,887
P256,WebAuthn-true,true,0,4,false,0,510,76771,922
P256,WebAuthn-true,true,0,4,false,1,510,74766,898
P256,WebAuthn-true,true,0,4,false,2,510,74766,898
P256,WebAuthn-true,true,0,8,false,0,543,77623,932
P256,WebAuthn-true,true,0,8,false,1,543,75618,908
P256,WebAuthn-true,true,0,8,false,2,543,75618,908
P256,WebAuthn-true,true,0,16,false,0,576,78547,943
P256,WebAuthn-true,true,0,16,false,1,576,76542,919
P256,WebAuthn-true,true,0,16,false,2,576,76542,919
P256,WebAuthn-true,true,0,64,false,0,644,80423,966
P256,WebAuthn-true,true,0,64,false,1,644,78418,942
P256,WebAuthn-true,true,0,64,false,2,644,78418,942
P256,WebAuthn-true,true,0,256,false,0,715,82519,991
P256,WebAuthn-true,true,0,256,false,1,717,80474,966
P256,WebAuthn-true,true,0,256,false,2,717,80474,966
P256,WebAuthn-true,true,1,1,false,0,474,80380,965
P256,WebAuthn-true,true,1,1,false,1,474,78351,941
P256,WebAuthn-true,true,1,1,false,2,474,78351,941
P256,WebAuthn-true,true,1,1,true,0,474,100476,1206
P256,WebAuthn-true,true,1,1,true,1,474,78351,941
P256,WebAuthn-true,true,1,1,true,2,474,78351,941
P256,WebAuthn-true,true,1,2,false,0,507,81600,980
P256,WebAuthn-true,true,1,2,false,1,507,79595,956
P256,WebAuthn-true,true,1,2,false,2,507,79595,956
P256,WebAuthn-true,true,1,4,false,0,541,82932,996
P256,WebAuthn-true,true,1,4,false,1,541,80903,971
P256,WebAuthn-true,true,1,4,false,2,541,80891,971
P256,WebAuthn-true,true,1,8,false,0,574,84200,1011
P256,WebAuthn-true,true,1,8,false,1,574,82171,987
P256,WebAuthn-true,true,1,8,false,2,574,82171,987
P256,WebAuthn-true,true,1,16,false,0,607,85456,1026
P256,WebAuthn-true,true,1,16,false,1,607,83427,1002
P256,WebAuthn-true,true,1,16,false,2,607,83427,1002
P256,WebAuthn-true,true,1,64,false,0,675,88092,1058
P256,WebAuthn-true,true,1,64,false,1,675,86075,1033
P256,WebAuthn-true,true,1,64,false,2,675,86063,1033
P256,WebAuthn-true,true,1,256,false,0,746,90816,1090
P256,WebAuthn-true,true,1,256,false,1,748,88747,1065
P256,WebAuthn-true,true,1,256,false,2,748,88747,1065
P256,WebAuthn-true,true,2,1,false,0,474,80480,966
P256,WebAuthn-true,true,2,1,false,1,474,78451,942
P256,WebAuthn-true,true,2,1,false,2,474,78451,942
P256,WebAuthn-true,true,2,1,true,0,474,100576,1207
P256,WebAuthn-true,true,2,1,true,1,474,78451,942
P256,WebAuthn-true,true,2,1,true,2,474,78451,942
P256,WebAuthn-true,true,2,2,false,0,507,81688,981
P256,WebAuthn-true,true,2,2,false,1,507,79683,957
P256,WebAuthn-true,true,2,2,false,2,507,79683,957
P256,WebAuthn-true,true,2,4,false,0,541,83032,997
P256,WebAuthn-true,true,2,4,false,1,541,81003,973
P256,WebAuthn-true,true,2,4,false,2,541,81003,973
P256,WebAuthn-true,true,2,8,false,0,574,84288,1012
P256,WebAuthn-true,true,2,8,false,1,574,82259,988
P256,WebAuthn-true,true,2,8,false,2,574,82247,987
P256,WebAuthn-true,true,2,16,false,0,607,85568,1027
P256,WebAuthn-true,true,2,16,false,1,607,83527,1003
P256,WebAuthn-true,true,2,16,false,2,607,83539,1003
P256,WebAuthn-true,true,2,64,false,0,675,88192,1059
P256,WebAuthn-true,true,2,64,false,1,675,86175,1035
P256,WebAuthn-true,true,2,64,false,2,675,86175,1035
P256,WebAuthn-true,true,2,256,false,0,746,90916,1091
P256,WebAuthn-true,true,2,256,false,1,748,88847,1067
P256,WebAuthn-true,true,2,256,false,2,748,88847,1067
P256,WebAuthn-true,true,3,1,false,0,552,82028,985
P256,WebAuthn-true,true,3,1,false,1,552,79975,960
P256,WebAuthn-true,true,3,1,false,2,552,79975,960
P256,WebAuthn-true,true,3,1,true,0,552,102124,1226
P256,WebAuthn-true,true,3,1,true,1,552,79975,960
P256,WebAuthn-true,true,3,1,true,2,552,79975,960
P256,WebAuthn-true,true,3,2,false,0,585,83308,1000
P256,WebAuthn-true,true,3,2,false,1,585,81255,976
P256,WebAuthn-true,true,3,2,false,2,585,81255,976
P256,WebAuthn-true,true,3,4,false,0,619,84580,1015
P256,WebAuthn-true,true,3,4,false,1,619,82527,991
P256,WebAuthn-true,true,3,4,false,2,619,82527,991
P256,WebAuthn-true,true,3,8,false,0,652,85836,1031
P256,WebAuthn-true,true,3,8,false,1,652,83783,1006
P256,WebAuthn-true,true,3,8,false,2,652,83783,1006
P256,WebAuthn-true,true,3,16,false,0,685,87080,1045
P256,WebAuthn-true,true,3,16,false,1,685,85027,1021
P256,WebAuthn-true,true,3,16,false,2,685,85027,1021
P256,WebAuthn-true,true,3,64,false,0,753,89696,1077
P256,WebAuthn-true,true,3,64,false,1,753,87643,1052
P256,WebAuthn-true,true,3,64,false,2,753,87643,1052
P256,WebAuthn-true,true,3,256,false,0,824,92384,1109
P256,WebAuthn-true,true,3,256,false,1,826,90291,1084
P256,WebAuthn-true,true,3,256,false,2,826,90291,1084
WebAuthn,Secp-false,false,0,1,false,0,599,61749,741
WebAuthn,Secp-false,false,0,1,false,1,599,59744,717
WebAuthn,Secp-false,false,0,1,false,2,599,59744,717
WebAuthn,Secp-false,false,0,1,true,0,599,81845,983
WebAuthn,Secp-false,false,0,1,true,1,599,59744,717
WebAuthn,Secp-false,false,0,1,true,2,599,59744,717
WebAuthn,Secp-false,false,0,2,false,0,632,62649,752
WebAuthn,Secp-false,false,0,2,false,1,632,60644,728
WebAuthn,Secp-false,false,0,2,false,2,632,60644,728
WebAuthn,Secp-false,false,0,4,false,0,666,63553,763
WebAuthn,Secp-false,false,0,4,false,1,666,61548,739
WebAuthn,Secp-false,false,0,4,false,2,666,61548,739
WebAuthn,Secp-false,false,0,8,false,0,699,64405,773
WebAuthn,Secp-false,false,0,8,false,1,699,62400,749
WebAuthn,Secp-false,false,0,8,false,2,699,62400,749
WebAuthn,Secp-false,false,0,16,false,0,732,65317,784
WebAuthn,Secp-false,false,0,16,false,1,732,63312,760
WebAuthn,Secp-false,false,0,16,false,2,732,63312,760
WebAuthn,Secp-false,false,0,64,false,0,800,67125,806
WebAuthn,Secp-false,false,0,64,false,1,800,65120,782
WebAuthn,Secp-false,false,0,64,false,2,800,65120,782
WebAuthn,Secp-false,false,0,256,false,0,871,69301,832
WebAuthn,Secp-false,false,0,256,false,1,873,67256,808
WebAuthn,Secp-false,false,0,256,false,2,873,67256,808
WebAuthn,Secp-false,false,1,1,false,0,630,87594,1052
WebAuthn,Secp-false,false,1,1,false,1,632,85597,1028
WebAuthn,Secp-false,false,1,1,false,2,632,85597,1028
WebAuthn,Secp-false,false,1,1,true,0,630,107690,1293
WebAuthn,Secp-false,false,1,1,true,1,632,85597,1028
WebAuthn,Secp-false,false,1,1,true,2,632,85597,1028
WebAuthn,Secp-false,false,1,2,false,0,663,90066,1081
WebAuthn,Secp-false,false,1,2,false,1,665,88093,1058
WebAuthn,Secp-false,false,1,2,false,2,665,88093,1058
WebAuthn,Secp-false,false,1,4,false,0,697,92650,1112
WebAuthn,Secp-false,false,1,4,false,1,699,90653,1088
WebAuthn,Secp-false,false,1,4,false,2,699,90641,1088
WebAuthn,Secp-false,false,1,8,false,0,730,95146,1142
WebAuthn,Secp-false,false,1,8,false,1,732,93149,1118
WebAuthn,Secp-false,false,1,8,false,2,732,93149,1118
WebAuthn,Secp-false,false,1,16,false,0,763,97690,1173
WebAuthn,Secp-false,false,1,16,false,1,765,95693,1149
WebAuthn,Secp-false,false,1,16,false,2,765,95693,1149
WebAuthn,Secp-false,false,1,64,false,0,831,103138,1238
WebAuthn,Secp-false,false,1,64,false,1,833,101221,1215
WebAuthn,Secp-false,false,1,64,false,2,833,101233,1215
WebAuthn,Secp-false,false,1,256,false,0,902,108906,1307
WebAuthn,Secp-false,false,1,256,false,1,906,107149,1286
WebAuthn,Secp-false,false,1,256,false,2,906,107149,1286
WebAuthn,Secp-false,false,2,1,false,0,630,87794,1054
WebAuthn,Secp-false,false,2,1,false,1,632,85785,1030
WebAuthn,Secp-false,false,2,1,false,2,632,85797,1030
WebAuthn,Secp-false,false,2,1,true,0,630,107890,1295
WebAuthn,Secp-false,false,2,1,true,1,632,85797,1030
WebAuthn,Secp-false,false,2,1,true,2,632,85797,1030
WebAuthn,Secp-false,false,2,2,false,0,663,90254,1084
WebAuthn,Secp-false,false,2,2,false,1,665,88281,1060
WebAuthn,Secp-false,false,2,2,false,2,665,88269,1060
WebAuthn,Secp-false,false,2,4,false,0,697,92838,1115
WebAuthn,Secp-false,false,2,4,false,1,699,90841,1091
WebAuthn,Secp-false,false,2,4,false,2,699,90841,1091
WebAuthn,Secp-false,false,2,8,false,0,730,95370,1145
WebAuthn,Secp-false,false,2,8,false,1,732,93373,1121
WebAuthn,Secp-false,false,2,8,false,2,732,93373,1121
WebAuthn,Secp-false,false,2,16,false,0,763,97890,1175
WebAuthn,Secp-false,false,2,16,false,1,765,95893,1151
WebAuthn,Secp-false,false,2,16,false,2,765,95893,1151
WebAuthn,Secp-false,false,2,64,false,0,831,103338,1241
WebAuthn,Secp-false,false,2,64,false,1,833,101433,1218
WebAuthn,Secp-false,false,2,64,false,2,833,101433,1218
WebAuthn,Secp-false,false,2,256,false,0,902,109106,1310
WebAuthn,Secp-false,false,2,256,false,1,906,107349,1289
WebAuthn,Secp-false,false,2,256,false,2,906,107349,1289
WebAuthn,Secp-false,false,3,1,false,0,708,92094,1106
WebAuthn,Secp-false,false,3,1,false,1,710,90073,1081
WebAuthn,Secp-false,false,3,1,false,2,710,90073,1081
WebAuthn,Secp-false,false,3,1,true,0,708,112190,1347
WebAuthn,Secp-false,false,3,1,true,1,710,90073,1081
WebAuthn,Secp-false,false,3,1,true,2,710,90073,1081
WebAuthn,Secp-false,false,3,2,false,0,741,94602,1136
WebAuthn,Secp-false,false,3,2,false,1,743,92569,1111
WebAuthn,Secp-false,false,3,2,false,2,743,92581,1111
WebAuthn,Secp-false,false,3,4,false,0,775,97150,1166
WebAuthn,Secp-false,false,3,4,false,1,777,95129,1142
WebAuthn,Secp-false,false,3,4,false,2,777,95129,1142
WebAuthn,Secp-false,false,3,8,false,0,808,99658,1196
WebAuthn,Secp-false,false,3,8,false,1,810,97637,1172
WebAuthn,Secp-false,false,3,8,false,2,810,97637,1172
WebAuthn,Secp-false,false,3,16,false,0,841,102154,1226
WebAuthn,Secp-false,false,3,16,false,1,843,100133,1202
WebAuthn,Secp-false,false,3,16,false,2,843,100133,1202
WebAuthn,Secp-false,false,3,64,false,0,909,107262,1288
WebAuthn,Secp-false,false,3,64,false,1,911,105241,1263
WebAuthn,Secp-false,false,3,64,false,2,911,105241,1263
WebAuthn,Secp-false,false,3,256,false,0,980,112454,1350
WebAuthn,Secp-false,false,3,256,false,1,984,110393,1325
WebAuthn,Secp-false,false,3,256,false,2,984,110393,1325
WebAuthn,Secp-false,true,0,1,false,0,599,66449,798
WebAuthn,Secp-false,true,0,1,false,1,599,64444,774
WebAuthn,Secp-false,true,0,1,false,2,599,64444,774
WebAuthn,Secp-false,true,0,1,true,0,599,86545,1039
WebAuthn,Secp-false,true,0,1,true,1,599,64444,774
WebAuthn,Secp-false,true,0,1,true,2,599,64444,774
WebAuthn,Secp-false,true,0,2,false,0,632,67349,809
WebAuthn,Secp-false,true,0,2,false,1,632,65344,785
WebAuthn,Secp-false,true,0,2,false,2,632,65344,785
WebAuthn,Secp-false,true,0,4,false,0,666,68253,820
WebAuthn,Secp-false,true,0,4,false,1,666,66248,795
WebAuthn,Secp-false,true,0,4,false,2,666,66248,795
WebAuthn,Secp-false,true,0,8,false,0,699,69105,830
WebAuthn,Secp-false,true,0,8,false,1,699,67100,806
WebAuthn,Secp-false,true,0,8,false,2,699,67100,806
WebAuthn,Secp-false,true,0,16,false,0,732,70017,841
WebAuthn,Secp-false,true,0,16,false,1,732,68012,817
WebAuthn,Secp-false,true,0,16,false,2,732,68012,817
WebAuthn,Secp-false,true,0,64,false,0,800,71825,862
WebAuthn,Secp-false,true,0,64,false,1,800,69820,838
WebAuthn,Secp-false,true,0,64,false,2,800,69820,838
WebAuthn,Secp-false,true,0,256,false,0,871,74001,889
WebAuthn,Secp-false,true,0,256,false,1,873,71956,864
WebAuthn,Secp-false,true,0,256,false,2,873,71956,864
WebAuthn,Secp-false,true,1,1,false,0,630,71862,863
WebAuthn,Secp-false,true,1,1,false,1,630,69833,838
WebAuthn,Secp-false,true,1,1,false,2,630,69821,838
WebAuthn,Secp-false,true,1,1,true,0,630,91958,1104
WebAuthn,Secp-false,true,1,1,true,1,630,69833,838
WebAuthn,Secp-false,true,1,1,true,2,630,69821,838
WebAuthn,Secp-false,true,1,2,false,0,663,73082,877
WebAuthn,Secp-false,true,1,2,false,1,663,71077,853
WebAuthn,Secp-false,true,1,2,false,2,663,71077,853
WebAuthn,Secp-false,true,1,4,false,0,697,74414,893
WebAuthn,Secp-false,true,1,4,false,1,697,72385,869
WebAuthn,Secp-false,true,1,4,false,2,697,72385,869
WebAuthn,Secp-false,true,1,8,false,0,730,75658,908
WebAuthn,Secp-false,true,1,8,false,1,730,73617,884
WebAuthn,Secp-false,true,1,8,false,2,730,73629,884
WebAuthn,Secp-false,true,1,16,false,0,763,76950,924
WebAuthn,Secp-false,true,1,16,false,1,763,74921,900
WebAuthn,Secp-false,true,1,16,false,2,763,74921,900
WebAuthn,Secp-false,true,1,64,false,0,831,79494,954
WebAuthn,Secp-false,true,1,64,false,1,831,77465,930
WebAuthn,Secp-false,true,1,64,false,2,831,77477,930
WebAuthn,Secp-false,true,1,256,false,0,902,82298,988
WebAuthn,Secp-false,true,1,256,false,1,904,80229,963
WebAuthn,Secp-false,true,1,256,false,2,904,80229,963
WebAuthn,Secp-false,true,2,1,false,0,630,71962,864
WebAuthn,Secp-false,true,2,1,false,1,630,69933,840
WebAuthn,Secp-false,true,2,1,false,2,630,69933,840
WebAuthn,Secp-false,true,2,1,true,0,630,92058,1105
WebAuthn,Secp-false,true,2,1,true,1,630,69933,840
WebAuthn,Secp-false,true,2,1,true,2,630,69933,840
WebAuthn,Secp-false,true,2,2,false,0,663,73170,879
WebAuthn,Secp-false,true,2,2,false,1,663,71165,854
WebAuthn,Secp-false,true,2,2,false,2,663,71165,854
WebAuthn,Secp-false,true,2,4,false,0,697,74502,895
WebAuthn,Secp-false,true,2,4,false,1,697,72461,870
WebAuthn,Secp-false,true,2,4,false,2,697,72473,870
WebAuthn,Secp-false,true,2,8,false,0,730,75782,910
WebAuthn,Secp-false,true,2,8,false,1,730,73753,886
WebAuthn,Secp-false,true,2,8,false,2,730,73753,886
WebAuthn,Secp-false,true,2,16,false,0,763,77050,925
WebAuthn,Secp-false,true,2,16,false,1,763,75021,901
WebAuthn,Secp-false,true,2,16,false,2,763,75021,901
WebAuthn,Secp-false,true,2,64,false,0,831,79594,956
WebAuthn,Secp-false,true,2,64,false,1,831,77553,931
WebAuthn,Secp-false,true,2,64,false,2,831,77577,931
WebAuthn,Secp-false,true,2,256,false,0,902,82398,989
WebAuthn,Secp-false,true,2,256,false,1,904,80329,964
WebAuthn,Secp-false,true,2,256,false,2,904,80329,964
WebAuthn,Secp-false,true,3,1,false,0,708,73522,883
WebAuthn,Secp-false,true,3,1,false,1,708,71457,858
WebAuthn,Secp-false,true,3,1,false,2,708,71469,858
WebAuthn,Secp-false,true,3,1,true,0,708,93618,1124
WebAuthn,Secp-false,true,3,1,true,1,708,71457,858
WebAuthn,Secp-false,true,3,1,true,2,708,71469,858
WebAuthn,Secp-false,true,3,2,false,0,741,74778,898
WebAuthn,Secp-false,true,3,2,false,1,741,72725,873
WebAuthn,Secp-false,true,3,2,false,2,741,72725,873
WebAuthn,Secp-false,true,3,4,false,0,775,76074,913
WebAuthn,Secp-false,true,3,4,false,1,775,74021,889
WebAuthn,Secp-false,true,3,4,false,2,775,74021,889
WebAuthn,Secp-false,true,3,8,false,0,808,77330,928
WebAuthn,Secp-false,true,3,8,false,1,808,75277,904
WebAuthn,Secp-false,true,3,8,false,2,808,75277,904
WebAuthn,Secp-false,true,3,16,false,0,841,78574,943
WebAuthn,Secp-false,true,3,16,false,1,841,76521,919
WebAuthn,Secp-false,true,3,16,false,2,841,76521,919
WebAuthn,Secp-false,true,3,64,false,0,909,81178,975
WebAuthn,Secp-false,true,3,64,false,1,909,79125,950
WebAuthn,Secp-false,true,3,64,false,2,909,79125,950
WebAuthn,Secp-false,true,3,256,false,0,980,83866,1007
WebAuthn,Secp-false,true,3,256,false,1,982,81773,982
WebAuthn,Secp-false,true,3,256,false,2,982,81773,982
WebAuthn,Secp-true,false,0,1,false,0,599,65769,790
WebAuthn,Secp-true,false,0,1,false,1,599,63764,766
WebAuthn,Secp-true,false,0,1,false,2,599,63764,766
WebAuthn,Secp-true,false,0,1,true,0,599,85865,1031
WebAuthn,Secp-true,false,0,1,true,1,599,63764,766
WebAuthn,Secp-true,false,0,1,true,2,599,63764,766
WebAuthn,Secp-true,false,0,2,false,0,632,66657,800
WebAuthn,Secp-true,false,0,2,false,1,632,64652,776
WebAuthn,Secp-true,false,0,2,false,2,632,64652,776
WebAuthn,Secp-true,false,0,4,false,0,666,67561,811
WebAuthn,Secp-true,false,0,4,false,1,666,65556,787
WebAuthn,Secp-true,false,0,4,false,2,666,65556,787
WebAuthn,Secp-true,false,0,8,false,0,699,68425,822
WebAuthn,Secp-true,false,0,8,false,1,699,66420,798
WebAuthn,Secp-true,false,0,8,false,2,699,66420,798
WebAuthn,Secp-true,false,0,16,false,0,732,69337,833
WebAuthn,Secp-true,false,0,16,false,1,732,67332,808
WebAuthn,Secp-true,false,0,16,false,2,732,67332,808
WebAuthn,Secp-true,false,0,64,false,0,800,71133,854
WebAuthn,Secp-true,false,0,64,false,1,800,69128,830
WebAuthn,Secp-true,false,0,64,false,2,800,69128,830
WebAuthn,Secp-true,false,0,256,false,0,871,73297,880
WebAuthn,Secp-true,false,0,256,false,1,873,71240,855
WebAuthn,Secp-true,false,0,256,false,2,873,71240,855
WebAuthn,Secp-true,false,1,1,false,0,630,91602,1100
WebAuthn,Secp-true,false,1,1,false,1,632,89605,1076
WebAuthn,Secp-true,false,1,1,false,2,632,89605,1076
WebAuthn,Secp-true,false,1,1,true,0,630,111698,1341
WebAuthn,Secp-true,false,1,1,true,1,632,89605,1076
WebAuthn,Secp-true,false,1,1,true,2,632,89605,1076
WebAuthn,Secp-true,false,1,2,false,0,663,94074,1129
WebAuthn,Secp-true,false,1,2,false,1,665,92101,1106
WebAuthn,Secp-true,false,1,2,false,2,665,92101,1106
WebAuthn,Secp-true,false,1,4,false,0,697,96634,1160
WebAuthn,Secp-true,false,1,4,false,1,699,94637,1136
WebAuthn,Secp-true,false,1,4,false,2,699,94637,1136
WebAuthn,Secp-true,false,1,8,false,0,730,99166,1190
WebAuthn,Secp-true,false,1,8,false,1,732,97169,1167
WebAuthn,Secp-true,false,1,8,false,2,732,97169,1167
WebAuthn,Secp-true,false,1,16,false,0,763,101698,1221
WebAuthn,Secp-true,false,1,16,false,1,765,99701,1197
WebAuthn,Secp-true,false,1,16,false,2,765,99701,1197
WebAuthn,Secp-true,false,1,64,false,0,831,107146,1286
WebAuthn,Secp-true,false,1,64,false,1,833,105241,1263
WebAuthn,Secp-true,false,1,64,false,2,833,105241,1263
WebAuthn,Secp-true,false,1,256,false,0,902,112914,1355
WebAuthn,Secp-true,false,1,256,false,1,906,111157,1334
WebAuthn,Secp-true,false,1,256,false,2,906,111157,1334
WebAuthn,Secp-true,false,2,1,false,0,630,91802,1102
WebAuthn,Secp-true,false,2,1,false,1,632,89805,1078
WebAuthn,Secp-true,false,2,1,false,2,632,89805,1078
WebAuthn,Secp-true,false,2,1,true,0,630,111898,1343
WebAuthn,Secp-true,false,2,1,true,1,632,89805,1078
WebAuthn,Secp-true,false,2,1,true,2,632,89805,1078
WebAuthn,Secp-true,false,2,2,false,0,663,94274,1132
WebAuthn,Secp-true,false,2,2,false,1,665,92301,1108
WebAuthn,Secp-true,false,2,2,false,2,665,92301,1108
WebAuthn,Secp-true,false,2,4,false,0,697,96858,1163
WebAuthn,Secp-true,false,2,4,false,1,699,94849,1139
WebAuthn,Secp-true,false,2,4,false,2,699,94861,1139
WebAuthn,Secp-true,false,2,8,false,0,730,99366,1193
WebAuthn,Secp-true,false,2,8,false,1,732,97369,1169
WebAuthn,Secp-true,false,2,8,false,2,732,97369,1169
WebAuthn,Secp-true,false,2,16,false,0,763,101898,1223
WebAuthn,Secp-true,false,2,16,false,1,765,99901,1199
WebAuthn,Secp-true,false,2,16,false,2,765,99901,1199
WebAuthn,Secp-true,false,2,64,false,0,831,107334,1289
WebAuthn,Secp-true,false,2,64,false,1,833,105429,1266
WebAuthn,Secp-true,false,2,64,false,2,833,105429,1266
WebAuthn,Secp-true,false,2,256,false,0,902,113102,1358
WebAuthn,Secp-true,false,2,256,false,1,906,111345,1337
WebAuthn,Secp-true,false,2,256,false,2,906,111345,1337
WebAuthn,Secp-true,false,3,1,false,0,708,96090,1154
WebAuthn,Secp-true,false,3,1,false,1,710,94069,1129
WebAuthn,Secp-true,false,3,1,false,2,710,94069,1129
WebAuthn,Secp-true,false,3,1,true,0,708,116186,1395
WebAuthn,Secp-true,false,3,1,true,1,710,94069,1129
WebAuthn,Secp-true,false,3,1,true,2,710,94069,1129
WebAuthn,Secp-true,false,3,2,false,0,741,98622,1184
WebAuthn,Secp-true,false,3,2,false,1,743,96601,1160
WebAuthn,Secp-true,false,3,2,false,2,743,96589,1160
WebAuthn,Secp-true,false,3,4,false,0,775,101146,1214
WebAuthn,Secp-true,false,3,4,false,1,777,99113,1190
WebAuthn,Secp-true,false,3,4,false,2,777,99125,1190
WebAuthn,Secp-true,false,3,8,false,0,808,103666,1244
WebAuthn,Secp-true,false,3,8,false,1,810,101645,1220
WebAuthn,Secp-true,false,3,8,false,2,810,101645,1220
WebAuthn,Secp-true,false,3,16,false,0,841,106162,1274
WebAuthn,Secp-true,false,3,16,false,1,843,104141,1250
WebAuthn,Secp-true,false,3,16,false,2,843,104141,1250
WebAuthn,Secp-true,false,3,64,false,0,909,111258,1336
WebAuthn,Secp-true,false,3,64,false,1,911,109237,1311
WebAuthn,Secp-true,false,3,64,false,2,911,109237,1311
WebAuthn,Secp-true,false,3,256,false,0,980,116462,1398
WebAuthn,Secp-true,false,3,256,false,1,984,114389,1373
WebAuthn,Secp-true,false,3,256,false,2,984,114389,1373
WebAuthn,Secp-true,true,0,1,false,0,599,70469,846
WebAuthn,Secp-true,true,0,1,false,1,599,68464,822
WebAuthn,Secp-true,true,0,1,false,2,599,68464,822
WebAuthn,Secp-true,true,0,1,true,0,599,90565,1087
WebAuthn,Secp-true,true,0,1,true,1,599,68464,822
WebAuthn,Secp-true,true,0,1,true,2,599,68464,822
WebAuthn,Secp-true,true,0,2,false,0,632,71357,857
WebAuthn,Secp-true,true,0,2,false,1,632,69352,833
WebAuthn,Secp-true,true,0,2,false,2,632,69352,833
WebAuthn,Secp-true,true,0,4,false,0,666,72261,868
WebAuthn,Secp-true,true,0,4,false,1,666,70256,844
WebAuthn,Secp-true,true,0,4,false,2,666,70256,844
WebAuthn,Secp-true,true,0,8,false,0,699,73125,878
WebAuthn,Secp-true,true,0,8,false,1,699,71120,854
WebAuthn,Secp-true,true,0,8,false,2,699,71120,854
WebAuthn,Secp-true,true,0,16,false,0,732,74037,889
WebAuthn,Secp-true,true,0,16,false,1,732,72032,865
WebAuthn,Secp-true,true,0,16,false,2,732,72032,865
WebAuthn,Secp-true,true,0,64,false,0,800,75833,910
WebAuthn,Secp-true,true,0,64,false,1,800,73828,886
WebAuthn,Secp-true,true,0,64,false,2,800,73828,886
WebAuthn,Secp-true,true,0,256,false,0,871,77997,936
WebAuthn,Secp-true,true,0,256,false,1,873,75940,912
WebAuthn,Secp-true,true,0,256,false,2,873,75940,912
WebAuthn,Secp-true,true,1,1,false,0,630,75870,911
WebAuthn,Secp-true,true,1,1,false,1,630,73841,887
WebAuthn,Secp-true,true,1,1,false,2,630,73841,887
WebAuthn,Secp-true,true,1,1,true,0,630,95966,1152
WebAuthn,Secp-true,true,1,1,true,1,630,73841,887
WebAuthn,Secp-true,true,1,1,true,2,630,73841,887
WebAuthn,Secp-true,true,1,2,false,0,663,77090,926
WebAuthn,Secp-true,true,1,2,false,1,663,75085,902
WebAuthn,Secp-true,true,1,2,false,2,663,75085,902
WebAuthn,Secp-true,true,1,4,false,0,697,78398,941
WebAuthn,Secp-true,true,1,4,false,1,697,76369,917
WebAuthn,Secp-true,true,1,4,false,2,697,76369,917
WebAuthn,Secp-true,true,1,8,false,0,730,79678,957
WebAuthn,Secp-true,true,1,8,false,1,730,77649,932
WebAuthn,Secp-true,true,1,8,false,2,730,77637,932
WebAuthn,Secp-true,true,1,16,false,0,763,80958,972
WebAuthn,Secp-true,true,1,16,false,1,763,78929,948
WebAuthn,Secp-true,true,1,16,false,2,763,78929,948
WebAuthn,Secp-true,true,1,64,false,0,831,83502,1003
WebAuthn,Secp-true,true,1,64,false,1,831,81485,978
WebAuthn,Secp-true,true,1,64,false,2,831,81485,978
WebAuthn,Secp-true,true,1,256,false,0,902,86306,1036
WebAuthn,Secp-true,true,1,256,false,1,904,84237,1011
WebAuthn,Secp-true,true,1,256,false,2,904,84237,1011
WebAuthn,Secp-true,true,2,1,false,0,630,75970,912
WebAuthn,Secp-true,true,2,1,false,1,630,73941,888
WebAuthn,Secp-true,true,2,1,false,2,630,73941,888
WebAuthn,Secp-true,true,2,1,true,0,630,96066,1153
WebAuthn,Secp-true,true,2,1,true,1,630,73941,888
WebAuthn,Secp-true,true,2,1,true,2,630,73941,888
WebAuthn,Secp-true,true,2,2,false,0,663,77190,927
WebAuthn,Secp-true,true,2,2,false,1,663,75185,903
WebAuthn,Secp-true,true,2,2,false,2,663,75185,903
WebAuthn,Secp-true,true,2,4,false,0,697,78522,943
WebAuthn,Secp-true,true,2,4,false,1,697,76493,918
WebAuthn,Secp-true,true,2,4,false,2,697,76493,918
WebAuthn,Secp-true,true,2,8,false,0,730,79778,958
WebAuthn,Secp-true,true,2,8,false,1,730,77749,933
WebAuthn,Secp-true,true,2,8,false,2,730,77749,933
WebAuthn,Secp-true,true,2,16,false,0,763,81058,973
WebAuthn,Secp-true,true,2,16,false,1,763,79029,949
WebAuthn,Secp-true,true,2,16,false,2,763,79029,949
WebAuthn,Secp-true,true,2,64,false,0,831,83590,1004
WebAuthn,Secp-true,true,2,64,false,1,831,81573,979
WebAuthn,Secp-true,true,2,64,false,2,831,81573,979
WebAuthn,Secp-true,true,2,256,false,0,902,86394,1037
WebAuthn,Secp-true,true,2,256,false,1,904,84325,1012
WebAuthn,Secp-true,true,2,256,false,2,904,84325,1012
WebAuthn,Secp-true,true,3,1,false,0,708,77518,931
WebAuthn,Secp-true,true,3,1,false,1,708,75465,906
WebAuthn,Secp-true,true,3,1,false,2,708,75465,906
WebAuthn,Secp-true,true,3,1,true,0,708,97614,1172
WebAuthn,Secp-true,true,3,1,true,1,708,75465,906
WebAuthn,Secp-true,true,3,1,true,2,708,75465,906
WebAuthn,Secp-true,true,3,2,false,0,741,78798,946
WebAuthn,Secp-true,true,3,2,false,1,741,76745,921
WebAuthn,Secp-true,true,3,2,false,2,741,76745,921
WebAuthn,Secp-true,true,3,4,false,0,775,80070,961
WebAuthn,Secp-true,true,3,4,false,1,775,78017,937
WebAuthn,Secp-true,true,3,4,false,2,775,78017,937
WebAuthn,Secp-true,true,3,8,false,0,808,81338,977
WebAuthn,Secp-true,true,3,8,false,1,808,79285,952
WebAuthn,Secp-true,true,3,8,false,2,808,79285,952
WebAuthn,Secp-true,true,3,16,false,0,841,82582,991
WebAuthn,Secp-true,true,3,16,false,1,841,80529,967
WebAuthn,Secp-true,true,3,16,false,2,841,80529,967
WebAuthn,Secp-true,true,3,64,false,0,909,85174,1023
WebAuthn,Secp-true,true,3,64,false,1,909,83121,998
WebAuthn,Secp-true,true,3,64,false,2,909,83109,998
WebAuthn,Secp-true,true,3,256,false,0,980,87874,1055
WebAuthn,Secp-true,true,3,256,false,1,982,85769,1030
WebAuthn,Secp-true,true,3,256,false,2,982,85781,1030
WebAuthn,P256-false,false,0,1,false,0,599,66737,801
WebAuthn,P256-false,false,0,1,false,1,599,64732,777
WebAuthn,P256-false,false,0,1,false,2,599,64732,777
WebAuthn,P256-false,false,0,1,true,0,599,86833,1042
WebAuthn,P256-false,false,0,1,true,1,599,64732,777
WebAuthn,P256-false,false,0,1,true,2,599,64732,777
WebAuthn,P256-false,false,0,2,false,0,632,67649,812
WebAuthn,P256-false,false,0,2,false,1,632,65644,788
WebAuthn,P256-false,false,0,2,false,2,632,65644,788
WebAuthn,P256-false,false,0,4,false,0,666,68553,823
WebAuthn,P256-false,false,0,4,false,1,666,66548,799
WebAuthn,P256-false,false,0,4,false,2,666,66548,799
WebAuthn,P256-false,false,0,8,false,0,699,69417,834
WebAuthn,P256-false,false,0,8,false,1,699,67412,809
WebAuthn,P256-false,false,0,8,false,2,699,67412,809
WebAuthn,P256-false,false,0,16,false,0,732,70329,844
WebAuthn,P256-false,false,0,16,false,1,732,68324,820
WebAuthn,P256-false,false,0,16,false,2,732,68324,820
WebAuthn,P256-false,false,0,64,false,0,800,72125,866
WebAuthn,P256-false,false,0,64,false,1,800,70120,842
WebAuthn,P256-false,false,0,64,false,2,800,70120,842
WebAuthn,P256-false,false,0,256,false,0,871,74289,892
WebAuthn,P256-false,false,0,256,false,1,873,72244,867
WebAuthn,P256-false,false,0,256,false,2,873,72244,867
WebAuthn,P256-false,false,1,1,false,0,630,92582,1111
WebAuthn,P256-false,false,1,1,false,1,632,90585,1088
WebAuthn,P256-false,false,1,1,false,2,632,90585,1088
WebAuthn,P256-false,false,1,1,true,0,630,112678,1353
WebAuthn,P256-false,false,1,1,true,1,632,90585,1088
WebAuthn,P256-false,false,1,1,true,2,632,90585,1088
WebAuthn,P256-false,false,1,2,false,0,663,95054,1141
WebAuthn,P256-false,false,1,2,false,1,665,93081,1117
WebAuthn,P256-false,false,1,2,false,2,665,93081,1117
WebAuthn,P256-false,false,1,4,false,0,697,97650,1172
WebAuthn,P256-false,false,1,4,false,1,699,95653,1148
WebAuthn,P256-false,false,1,4,false,2,699,95653,1148
WebAuthn,P256-false,false,1,8,false,0,730,100170,1203
WebAuthn,P256-false,false,1,8,false,1,732,98173,1179
WebAuthn,P256-false,false,1,8,false,2,732,98173,1179
WebAuthn,P256-false,false,1,16,false,0,763,102690,1233
WebAuthn,P256-false,false,1,16,false,1,765,100693,1209
WebAuthn,P256-false,false,1,16,false,2,765,100693,1209
WebAuthn,P256-false,false,1,64,false,0,831,108138,1298
WebAuthn,P256-false,false,1,64,false,1,833,106233,1275
WebAuthn,P256-false,false,1,64,false,2,833,106233,1275
WebAuthn,P256-false,false,1,256,false,0,902,113906,1367
WebAuthn,P256-false,false,1,256,false,1,906,112137,1346
WebAuthn,P256-false,false,1,256,false,2,906,112149,1346
WebAuthn,P256-false,false,2,1,false,0,630,92770,1114
WebAuthn,P256-false,false,2,1,false,1,632,90773,1090
WebAuthn,P256-false,false,2,1,false,2,632,90773,1090
WebAuthn,P256-false,false,2,1,true,0,630,112866,1355
WebAuthn,P256-false,false,2,1,true,1,632,90773,1090
WebAuthn,P256-false,false,2,1,true,2,632,90773,1090
WebAuthn,P256-false,false,2,2,false,0,663,95266,1144
WebAuthn,P256-false,false,2,2,false,1,665,93293,1120
WebAuthn,P256-false,false,2,2,false,2,665,93293,1120
WebAuthn,P256-false,false,2,4,false,0,697,97850,1175
WebAuthn,P256-false,false,2,4,false,1,699,95841,1151
WebAuthn,P256-false,false,2,4,false,2,699,95853,1151
WebAuthn,P256-false,false,2,8,false,0,730,100370,1205
WebAuthn,P256-false,false,2,8,false,1,732,98373,1181
WebAuthn,P256-false,false,2,8,false,2,732,98373,1181
WebAuthn,P256-false,false,2,16,false,0,763,102878,1235
WebAuthn,P256-false,false,2,16,false,1,765,100881,1211
WebAuthn,P256-false,false,2,16,false,2,765,100881,1211
WebAuthn,P256-false,false,2,64,false,0,831,108338,1301
WebAuthn,P256-false,false,2,64,false,1,833,106433,1278
WebAuthn,P256-false,false,2,64,false,2,833,106433,1278
WebAuthn,P256-false,false,2,256,false,0,902,114106,1370
WebAuthn,P256-false,false,2,256,false,1,906,112349,1349
WebAuthn,P256-false,false,2,256,false,2,906,112349,1349
WebAuthn,P256-false,false,3,1,false,0,708,97082,1165
WebAuthn,P256-false,false,3,1,false,1,710,95061,1141
WebAuthn,P256-false,false,3,1,false,2,710,95061,1141
WebAuthn,P256-false,false,3,1,true,0,708,117178,1407
WebAuthn,P256-false,false,3,1,true,1,710,95061,1141
WebAuthn,P256-false,false,3,1,true,2,710,95049,1141
WebAuthn,P256-false,false,3,2,false,0,741,99614,1196
WebAuthn,P256-false,false,3,2,false,1,743,97593,1172
WebAuthn,P256-false,false,3,2,false,2,743,97581,1171
WebAuthn,P256-false,false,3,4,false,0,775,102150,1226
WebAuthn,P256-false,false,3,4,false,1,777,100117,1202
WebAuthn,P256-false,false,3,4,false,2,777,100129,1202
WebAuthn,P256-false,false,3,8,false,0,808,104658,1256
WebAuthn,P256-false,false,3,8,false,1,810,102637,1232
WebAuthn,P256-false,false,3,8,false,2,810,102637,1232
WebAuthn,P256-false,false,3,16,false,0,841,107154,1286
WebAuthn,P256-false,false,3,16,false,1,843,105133,1262
WebAuthn,P256-false,false,3,16,false,2,843,105133,1262
WebAuthn,P256-false,false,3,64,false,0,909,112262,1348
WebAuthn,P256-false,false,3,64,false,1,911,110241,1323
WebAuthn,P256-false,false,3,64,false,2,911,110241,1323
WebAuthn,P256-false,false,3,256,false,0,980,117454,1410
WebAuthn,P256-false,false,3,256,false,1,984,115393,1385
WebAuthn,P256-false,false,3,256,false,2,984,115393,1385
WebAuthn,P256-false,true,0,1,false,0,599,71437,858
WebAuthn,P256-false,true,0,1,false,1,599,69432,834
WebAuthn,P256-false,true,0,1,false,2,599,69432,834
WebAuthn,P256-false,true,0,1,true,0,599,91533,1099
WebAuthn,P256-false,true,0,1,true,1,599,69432,834
WebAuthn,P256-false,true,0,1,true,2,599,69432,834
WebAuthn,P256-false,true,0,2,false,0,632,72349,869
WebAuthn,P256-false,true,0,2,false,1,632,70344,845
WebAuthn,P256-false,true,0,2,false,2,632,70344,845
WebAuthn,P256-false,true,0,4,false,0,666,73253,880
WebAuthn,P256-false,true,0,4,false,1,666,71248,855
WebAuthn,P256-false,true,0,4,false,2,666,71248,855
WebAuthn,P256-false,true,0,8,false,0,699,74117,890
WebAuthn,P256-false,true,0,8,false,1,699,72112,866
WebAuthn,P256-false,true,0,8,false,2,699,72112,866
WebAuthn,P256-false,true,0,16,false,0,732,75029,901
WebAuthn,P256-false,true,0,16,false,1,732,73024,877
WebAuthn,P256-false,true,0,16,false,2,732,73024,877
WebAuthn,P256-false,true,0,64,false,0,800,76825,922
WebAuthn,P256-false,true,0,64,false,1,800,74820,898
WebAuthn,P256-false,true,0,64,false,2,800,74820,898
WebAuthn,P256-false,true,0,256,false,0,871,78989,948
WebAuthn,P256-false,true,0,256,false,1,873,76944,924
WebAuthn,P256-false,true,0,256,false,2,873,76944,924
WebAuthn,P256-false,true,1,1,false,0,630,76850,923
WebAuthn,P256-false,true,1,1,false,1,630,74809,898
WebAuthn,P256-false,true,1,1,false,2,630,74821,898
WebAuthn,P256-false,true,1,1,true,0,630,96946,1164
WebAuthn,P256-false,true,1,1,true,1,630,74809,898
WebAuthn,P256-false,true,1,1,true,2,630,74821,898
WebAuthn,P256-false,true,1,2,false,0,663,78070,937
WebAuthn,P256-false,true,1,2,false,1,663,76065,913
WebAuthn,P256-false,true,1,2,false,2,663,76065,913
WebAuthn,P256-false,true,1,4,false,0,697,79414,953
WebAuthn,P256-false,true,1,4,false,1,697,77385,929
WebAuthn,P256-false,true,1,4,false,2,697,77385,929
WebAuthn,P256-false,true,1,8,false,0,730,80682,969
WebAuthn,P256-false,true,1,8,false,1,730,78653,944
WebAuthn,P256-false,true,1,8,false,2,730,78641,944
WebAuthn,P256-false,true,1,16,false,0,763,81950,984
WebAuthn,P256-false,true,1,16,false,1,763,79909,959
WebAuthn,P256-false,true,1,16,false,2,763,79921,960
WebAuthn,P256-false,true,1,64,false,0,831,84494,1014
WebAuthn,P256-false,true,1,64,false,1,831,82477,990
WebAuthn,P256-false,true,1,64,false,2,831,82465,990
WebAuthn,P256-false,true,1,256,false,0,902,87298,1048
WebAuthn,P256-false,true,1,256,false,1,904,85229,1023
WebAuthn,P256-false,true,1,256,false,2,904,85229,1023
WebAuthn,P256-false,true,2,1,false,0,630,76938,924
WebAuthn,P256-false,true,2,1,false,1,630,74909,899
WebAuthn,P256-false,true,2,1,false,2,630,74909,899
WebAuthn,P256-false,true,2,1,true,0,630,97034,1165
WebAuthn,P256-false,true,2,1,true,1,630,74909,899
WebAuthn,P256-false,true,2,1,true,2,630,74909,899
WebAuthn,P256-false,true,2,2,false,0,663,78182,939
WebAuthn,P256-false,true,2,2,false,1,663,76177,915
WebAuthn,P256-false,true,2,2,false,2,663,76177,915
WebAuthn,P256-false,true,2,4,false,0,697,79514,955
WebAuthn,P256-false,true,2,4,false,1,697,77485,930
WebAuthn,P256-false,true,2,4,false,2,697,77485,930
WebAuthn,P256-false,true,2,8,false,0,730,80782,970
WebAuthn,P256-false,true,2,8,false,1,730,78753,946
WebAuthn,P256-false,true,2,8,false,2,730,78753,946
WebAuthn,P256-false,true,2,16,false,0,763,82038,985
WebAuthn,P256-false,true,2,16,false,1,763,80009,961
WebAuthn,P256-false,true,2,16,false,2,763,80009,961
WebAuthn,P256-false,true,2,64,false,0,831,84594,1016
WebAuthn,P256-false,true,2,64,false,1,831,82577,991
WebAuthn,P256-false,true,2,64,false,2,831,82577,991
WebAuthn,P256-false,true,2,256,false,0,902,87398,1049
WebAuthn,P256-false,true,2,256,false,1,904,85329,1024
WebAuthn,P256-false,true,2,256,false,2,904,85329,1024
WebAuthn,P256-false,true,3,1,false,0,708,78510,943
WebAuthn,P256-false,true,3,1,false,1,708,76457,918
WebAuthn,P256-false,true,3,1,false,2,708,76457,918
WebAuthn,P256-false,true,3,1,true,0,708,98606,1184
WebAuthn,P256-false,true,3,1,true,1,708,76457,918
WebAuthn,P256-false,true,3,1,true,2,708,76457,918
WebAuthn,P256-false,true,3,2,false,0,741,79790,958
WebAuthn,P256-false,true,3,2,false,1,741,77737,933
WebAuthn,P256-false,true,3,2,false,2,741,77737,933
WebAuthn,P256-false,true,3,4,false,0,775,81074,973
WebAuthn,P256-false,true,3,4,false,1,775,79021,949
WebAuthn,P256-false,true,3,4,false,2,775,79021,949
WebAuthn,P256-false,true,3,8,false,0,808,82330,988
WebAuthn,P256-false,true,3,8,false,1,808,80277,964
WebAuthn,P256-false,true,3,8,false,2,808,80277,964
WebAuthn,P256-false,true,3,16,false,0,841,83574,1003
WebAuthn,P256-false,true,3,16,false,1,841,81521,979
WebAuthn,P256-false,true,3,16,false,2,841,81521,979
WebAuthn,P256-false,true,3,64,false,0,909,86178,1035
WebAuthn,P256-false,true,3,64,false,1,909,84125,1010
WebAuthn,P256-false,true,3,64,false,2,909,84125,1010
WebAuthn,P256-false,true,3,256,false,0,980,88866,1067
WebAuthn,P256-false,true,3,256,false,1,982,86773,1042
WebAuthn,P256-false,true,3,256,false,2,982,86773,1042
WebAuthn,P256-true,false,0,1,false,0,599,70769,850
WebAuthn,P256-true,false,0,1,false,1,599,68764,826
WebAuthn,P256-true,false,0,1,false,2,599,68764,826
WebAuthn,P256-true,false,0,1,true,0,599,90865,1091
WebAuthn,P256-true,false,0,1,true,1,599,68764,826
WebAuthn,P256-true,false,0,1,true,2,599,68764,826
WebAuthn,P256-true,false,0,2,false,0,632,71645,860
WebAuthn,P256-true,false,0,2,false,1,632,69640,836
WebAuthn,P256-true,false,0,2,false,2,632,69640,836
WebAuthn,P256-true,false,0,4,false,0,666,72537,871
WebAuthn,P256-true,false,0,4,false,1,666,70532,847
WebAuthn,P256-true,false,0,4,false,2,666,70532,847
WebAuthn,P256-true,false,0,8,false,0,699,73425,882
WebAuthn,P256-true,false,0,8,false,1,699,71420,858
WebAuthn,P256-true,false,0,8,false,2,699,71420,858
WebAuthn,P256-true,false,0,16,false,0,732,74337,893
WebAuthn,P256-true,false,0,16,false,1,732,72332,868
WebAuthn,P256-true,false,0,16,false,2,732,72332,868
WebAuthn,P256-true,false,0,64,false,0,800,76133,914
WebAuthn,P256-true,false,0,64,false,1,800,74128,890
WebAuthn,P256-true,false,0,64,false,2,800,74128,890
WebAuthn,P256-true,false,0,256,false,0,871,78309,940
WebAuthn,P256-true,false,0,256,false,1,873,76264,916
WebAuthn,P256-true,false,0,256,false,2,873,76264,916
WebAuthn,P256-true,false,1,1,false,0,630,96602,1160
WebAuthn,P256-true,false,1,1,false,1,632,94605,1136
WebAuthn,P256-true,false,1,1,false,2,632,94605,1136
WebAuthn,P256-true,false,1,1,true,0,630,116698,1401
WebAuthn,P256-true,false,1,1,true,1,632,94605,1136
WebAuthn,P256-true,false,1,1,true,2,632,94605,1136
WebAuthn,P256-true,false,1,2,false,0,663,99074,1189
WebAuthn,P256-true,false,1,2,false,1,665,97101,1166
WebAuthn,P256-true,false,1,2,false,2,665,97101,1166
WebAuthn,P256-true,false,1,4,false,0,697,101658,1220
WebAuthn,P256-true,false,1,4,false,1,699,99661,1196
WebAuthn,P256-true,false,1,4,false,2,699,99649,1196
WebAuthn,P256-true,false,1,8,false,0,730,104178,1251
WebAuthn,P256-true,false,1,8,false,1,732,102181,1227
WebAuthn,P256-true,false,1,8,false,2,732,102181,1227
WebAuthn,P256-true,false,1,16,false,0,763,106698,1281
WebAuthn,P256-true,false,1,16,false,1,765,104701,1257
WebAuthn,P256-true,false,1,16,false,2,765,104701,1257
WebAuthn,P256-true,false,1,64,false,0,831,112146,1346
WebAuthn,P256-true,false,1,64,false,1,833,110241,1323
WebAuthn,P256-true,false,1,64,false,2,833,110241,1323
WebAuthn,P256-true,false,1,256,false,0,902,117914,1415
WebAuthn,P256-true,false,1,256,false,1,906,116145,1394
WebAuthn,P256-true,false,1,256,false,2,906,116157,1394
WebAuthn,P256-true,false,2,1,false,0,630,96790,1162
WebAuthn,P256-true,false,2,1,false,1,632,94793,1138
WebAuthn,P256-true,false,2,1,false,2,632,94793,1138
WebAuthn,P256-true,false,2,1,true,0,630,116886,1403
WebAuthn,P256-true,false,2,1,true,1,632,94793,1138
WebAuthn,P256-true,false,2,1,true,2,632,94793,1138
WebAuthn,P256-true,false,2,2,false,0,663,99274,1192
WebAuthn,P256-true,false,2,2,false,1,665,97301,1168
WebAuthn,P256-true,false,2,2,false,2,665,97301,1168
WebAuthn,P256-true,false,2,4,false,0,697,101858,1223
WebAuthn,P256-true,false,2,4,false,1,699,99861,1199
WebAuthn,P256-true,false,2,4,false,2,699,99849,1199
WebAuthn,P256-true,false,2,8,false,0,730,104366,1253
WebAuthn,P256-true,false,2,8,false,1,732,102369,1229
WebAuthn,P256-true,false,2,8,false,2,732,102369,1229
WebAuthn,P256-true,false,2,16,false,0,763,106886,1283
WebAuthn,P256-true,false,2,16,false,1,765,104889,1259
WebAuthn,P256-true,false,2,16,false,2,765,104877,1259
WebAuthn,P256-true,false,2,64,false,0,831,112346,1349
WebAuthn,P256-true,false,2,64,false,1,833,110441,1326
WebAuthn,P256-true,false,2,64,false,2,833,110441,1326
WebAuthn,P256-true,false,2,256,false,0,902,118114,1418
WebAuthn,P256-true,false,2,256,false,1,906,116357,1397
WebAuthn,P256-true,false,2,256,false,2,906,116357,1397
WebAuthn,P256-true,false,3,1,false,0,708,101090,1214
WebAuthn,P256-true,false,3,1,false,1,710,99069,1189
WebAuthn,P256-true,false,3,1,false,2,710,99069,1189
WebAuthn,P256-true,false,3,1,true,0,708,121186,1455
WebAuthn,P256-true,false,3,1,true,1,710,99069,1189
WebAuthn,P256-true,false,3,1,true,2,710,99069,1189
WebAuthn,P256-true,false,3,2,false,0,741,103622,1244
WebAuthn,P256-true,false,3,2,false,1,743,101601,1220
WebAuthn,P256-true,false,3,2,false,2,743,101589,1220
WebAuthn,P256-true,false,3,4,false,0,775,106158,1274
WebAuthn,P256-true,false,3,4,false,1,777,104137,1250
WebAuthn,P256-true,false,3,4,false,2,777,104125,1250
WebAuthn,P256-true,false,3,8,false,0,808,108666,1304
WebAuthn,P256-true,false,3,8,false,1,810,106645,1280
WebAuthn,P256-true,false,3,8,false,2,810,106645,1280
WebAuthn,P256-true,false,3,16,false,0,841,111162,1334
WebAuthn,P256-true,false,3,16,false,1,843,109141,1310
WebAuthn,P256-true,false,3,16,false,2,843,109129,1310
WebAuthn,P256-true,false,3,64,false,0,909,116270,1396
WebAuthn,P256-true,false,3,64,false,1,911,114249,1371
WebAuthn,P256-true,false,3,64,false,2,911,114249,1371
WebAuthn,P256-true,false,3,256,false,0,980,121462,1458
WebAuthn,P256-true,false,3,256,false,1,984,119389,1433
WebAuthn,P256-true,false,3,256,false,2,984,119401,1433
WebAuthn,P256-true,true,0,1,false,0,599,75469,906
WebAuthn,P256-true,true,0,1,false,1,599,73464,882
WebAuthn,P256-true,true,0,1,false,2,599,73464,882
WebAuthn,P256-true,true,0,1,true,0,599,95565,1147
WebAuthn,P256-true,true,0,1,true,1,599,73464,882
WebAuthn,P256-true,true,0,1,true,2,599,73464,882
WebAuthn,P256-true,true,0,2,false,0,632,76345,917
WebAuthn,P256-true,true,0,2,false,1,632,74340,893
WebAuthn,P256-true,true,0,2,false,2,632,74340,893
WebAuthn,P256-true,true,0,4,false,0,666,77237,927
WebAuthn,P256-true,true,0,4,false,1,666,75232,903
WebAuthn,P256-true,true,0,4,false,2,666,75232,903
WebAuthn,P256-true,true,0,8,false,0,699,78125,938
WebAuthn,P256-true,true,0,8,false,1,699,76120,914
WebAuthn,P256-true,true,0,8,false,2,699,76120,914
WebAuthn,P256-true,true,0,16,false,0,732,79037,949
WebAuthn,P256-true,true,0,16,false,1,732,77032,925
WebAuthn,P256-true,true,0,16,false,2,732,77032,925
WebAuthn,P256-true,true,0,64,false,0,800,80833,970
WebAuthn,P256-true,true,0,64,false,1,800,78828,946
WebAuthn,P256-true,true,0,64,false,2,800,78828,946
WebAuthn,P256-true,true,0,256,false,0,871,83009,997
WebAuthn,P256-true,true,0,256,false,1,873,80964,972
WebAuthn,P256-true,true,0,256,false,2,873,80964,972
WebAuthn,P256-true,true,1,1,false,0,630,80870,971
WebAuthn,P256-true,true,1,1,false,1,630,78841,947
WebAuthn,P256-true,true,1,1,false,2,630,78841,947
WebAuthn,P256-true,true,1,1,true,0,630,100966,1212
WebAuthn,P256-true,true,1,1,true,1,630,78841,947
WebAuthn,P256-true,true,1,1,true,2,630,78841,947
WebAuthn,P256-true,true,1,2,false,0,663,82090,986
WebAuthn,P256-true,true,1,2,false,1,663,80085,962
WebAuthn,P256-true,true,1,2,false,2,663,80085,962
WebAuthn,P256-true,true,1,4,false,0,697,83422,1002
WebAuthn,P256-true,true,1,4,false,1,697,81393,977
WebAuthn,P256-true,true,1,4,false,2,697,81381,977
WebAuthn,P256-true,true,1,8,false,0,730,84690,1017
WebAuthn,P256-true,true,1,8,false,1,730,82661,992
WebAuthn,P256-true,true,1,8,false,2,730,82661,992
WebAuthn,P256-true,true,1,16,false,0,763,85958,1032
WebAuthn,P256-true,true,1,16,false,1,763,83929,1008
WebAuthn,P256-true,true,1,16,false,2,763,83929,1008
WebAuthn,P256-true,true,1,64,false,0,831,88502,1063
WebAuthn,P256-true,true,1,64,false,1,831,86485,1038
WebAuthn,P256-true,true,1,64,false,2,831,86473,1038
WebAuthn,P256-true,true,1,256,false,0,902,91306,1096
WebAuthn,P256-true,true,1,256,false,1,904,89237,1071
WebAuthn,P256-true,true,1,256,false,2,904,89237,1071
WebAuthn,P256-true,true,2,1,false,0,630,80958,972
WebAuthn,P256-true,true,2,1,false,1,630,78929,948
WebAuthn,P256-true,true,2,1,false,2,630,78929,948
WebAuthn,P256-true,true,2,1,true,0,630,101054,1213
WebAuthn,P256-true,true,2,1,true,1,630,78929,948
WebAuthn,P256-true,true,2,1,true,2,630,78929,948
WebAuthn,P256-true,true,2,2,false,0,663,82190,987
WebAuthn,P256-true,true,2,2,false,1,663,80185,963
WebAuthn,P256-true,true,2,2,false,2,663,80185,963
WebAuthn,P256-true,true,2,4,false,0,697,83522,1003
WebAuthn,P256-true,true,2,4,false,1,697,81493,978
WebAuthn,P256-true,true,2,4,false,2,697,81493,978
WebAuthn,P256-true,true,2,8,false,0,730,84778,1018
WebAuthn,P256-true,true,2,8,false,1,730,82749,993
WebAuthn,P256-true,true,2,8,false,2,730,82737,993
WebAuthn,P256-true,true,2,16,false,0,763,86046,1033
WebAuthn,P256-true,true,2,16,false,1,763,84005,1009
WebAuthn,P256-true,true,2,16,false,2,763,84017,1009
WebAuthn,P256-true,true,2,64,false,0,831,88602,1064
WebAuthn,P256-true,true,2,64,false,1,831,86585,1040
WebAuthn,P256-true,true,2,64,false,2,831,86585,1040
WebAuthn,P256-true,true,2,256,false,0,902,91406,1097
WebAuthn,P256-true,true,2,256,false,1,904,89337,1073
WebAuthn,P256-true,true,2,256,false,2,904,89337,1073
WebAuthn,P256-true,true,3,1,false,0,708,82518,991
WebAuthn,P256-true,true,3,1,false,1,708,80465,966
WebAuthn,P256-true,true,3,1,false,2,708,80465,966
WebAuthn,P256-true,true,3,1,true,0,708,102614,1232
WebAuthn,P256-true,true,3,1,true,1,708,80465,966
WebAuthn,P256-true,true,3,1,true,2,708,80465,966
WebAuthn,P256-true,true,3,2,false,0,741,83798,1006
WebAuthn,P256-true,true,3,2,false,1,741,81745,981
WebAuthn,P256-true,true,3,2,false,2,741,81745,981
WebAuthn,P256-true,true,3,4,false,0,775,85082,1021
WebAuthn,P256-true,true,3,4,false,1,775,83029,997
WebAuthn,P256-true,true,3,4,false,2,775,83029,997
WebAuthn,P256-true,true,3,8,false,0,808,86338,1037
WebAuthn,P256-true,true,3,8,false,1,808,84285,1012
WebAuthn,P256-true,true,3,8,false,2,808,84285,1012
WebAuthn,P256-true,true,3,16,false,0,841,87582,1051
WebAuthn,P256-true,true,3,16,false,1,841,85529,1027
WebAuthn,P256-true,true,3,16,false,2,841,85529,1027
WebAuthn,P256-true,true,3,64,false,0,909,90186,1083
WebAuthn,P256-true,true,3,64,false,1,909,88133,1058
WebAuthn,P256-true,true,3,64,false,2,909,88133,1058
WebAuthn,P256-true,true,3,256,false,0,980,92874,1115
WebAuthn,P256-true,true,3,256,false,1,982,90781,1090
WebAuthn,P256-true,true,3,256,false,2,982,90781,1090
WebAuthn,WebAuthn-false,false,0,1,false,0,599,68777,826
WebAuthn,WebAuthn-false,false,0,1,false,1,599,66772,802
WebAuthn,WebAuthn-false,false,0,1,false,2,599,66772,802
WebAuthn,WebAuthn-false,false,0,1,true,0,599,88873,1067
WebAuthn,WebAuthn-false,false,0,1,true,1,599,66772,802
WebAuthn,WebAuthn-false,false,0,1,true,2,599,66772,802
WebAuthn,WebAuthn-false,false,0,2,false,0,632,69665,836
WebAuthn,WebAuthn-false,false,0,2,false,1,632,67660,812
WebAuthn,WebAuthn-false,false,0,2,false,2,632,67660,812
WebAuthn,WebAuthn-false,false,0,4,false,0,666,70569,847
WebAuthn,WebAuthn-false,false,0,4,false,1,666,68564,823
WebAuthn,WebAuthn-false,false,0,4,false,2,666,68564,823
WebAuthn,WebAuthn-false,false,0,8,false,0,699,71433,858
WebAuthn,WebAuthn-false,false,0,8,false,1,699,69428,834
WebAuthn,WebAuthn-false,false,0,8,false,2,699,69428,834
WebAuthn,WebAuthn-false,false,0,16,false,0,732,72333,868
WebAuthn,WebAuthn-false,false,0,16,false,1,732,70328,844
WebAuthn,WebAuthn-false,false,0,16,false,2,732,70328,844
WebAuthn,WebAuthn-false,false,0,64,false,0,800,74141,890
WebAuthn,WebAuthn-false,false,0,64,false,1,800,72136,866
WebAuthn,WebAuthn-false,false,0,64,false,2,800,72136,866
WebAuthn,WebAuthn-false,false,0,256,false,0,871,76317,916
WebAuthn,WebAuthn-false,false,0,256,false,1,873,74272,892
WebAuthn,WebAuthn-false,false,0,256,false,2,873,74272,892
WebAuthn,WebAuthn-false,false,1,1,false,0,630,94610,1136
WebAuthn,WebAuthn-false,false,1,1,false,1,632,92613,1112
WebAuthn,WebAuthn-false,false,1,1,false,2,632,92613,1112
WebAuthn,WebAuthn-false,false,1,1,true,0,630,114706,1377
WebAuthn,WebAuthn-false,false,1,1,true,1,632,92613,1112
WebAuthn,WebAuthn-false,false,1,1,true,2,632,92613,1112
WebAuthn,WebAuthn-false,false,1,2,false,0,663,97082,1165
WebAuthn,WebAuthn-false,false,1,2,false,1,665,95097,1142
WebAuthn,WebAuthn-false,false,1,2,false,2,665,95109,1142
WebAuthn,WebAuthn-false,false,1,4,false,0,697,99666,1196
WebAuthn,WebAuthn-false,false,1,4,false,1,699,97669,1173
WebAuthn,WebAuthn-false,false,1,4,false,2,699,97669,1173
WebAuthn,WebAuthn-false,false,1,8,false,0,730,102186,1227
WebAuthn,WebAuthn-false,false,1,8,false,1,732,100177,1203
WebAuthn,WebAuthn-false,false,1,8,false,2,732,100189,1203
WebAuthn,WebAuthn-false,false,1,16,false,0,763,104706,1257
WebAuthn,WebAuthn-false,false,1,16,false,1,765,102709,1233
WebAuthn,WebAuthn-false,false,1,16,false,2,765,102709,1233
WebAuthn,WebAuthn-false,false,1,64,false,0,831,110154,1322
WebAuthn,WebAuthn-false,false,1,64,false,1,833,108249,1299
WebAuthn,WebAuthn-false,false,1,64,false,2,833,108249,1299
WebAuthn,WebAuthn-false,false,1,256,false,0,902,115922,1392
WebAuthn,WebAuthn-false,false,1,256,false,1,906,114165,1370
WebAuthn,WebAuthn-false,false,1,256,false,2,906,114165,1370
WebAuthn,WebAuthn-false,false,2,1,false,0,630,94810,1138
WebAuthn,WebAuthn-false,false,2,1,false,1,632,92813,1114
WebAuthn,WebAuthn-false,false,2,1,false,2,632,92813,1114
WebAuthn,WebAuthn-false,false,2,1,true,0,630,114906,1379
WebAuthn,WebAuthn-false,false,2,1,true,1,632,92813,1114
WebAuthn,WebAuthn-false,false,2,1,true,2,632,92813,1114
WebAuthn,WebAuthn-false,false,2,2,false,0,663,97282,1168
WebAuthn,WebAuthn-false,false,2,2,false,1,665,95297,1144
WebAuthn,WebAuthn-false,false,2,2,false,2,665,95309,1144
WebAuthn,WebAuthn-false,false,2,4,false,0,697,99866,1199
WebAuthn,WebAuthn-false,false,2,4,false,1,699,97869,1175
WebAuthn,WebAuthn-false,false,2,4,false,2,699,97869,1175
WebAuthn,WebAuthn-false,false,2,8,false,0,730,102386,1229
WebAuthn,WebAuthn-false,false,2,8,false,1,732,100389,1205
WebAuthn,WebAuthn-false,false,2,8,false,2,732,100389,1205
WebAuthn,WebAuthn-false,false,2,16,false,0,763,104906,1259
WebAuthn,WebAuthn-false,false,2,16,false,1,765,102909,1235
WebAuthn,WebAuthn-false,false,2,16,false,2,765,102909,1235
WebAuthn,WebAuthn-false,false,2,64,false,0,831,110342,1325
WebAuthn,WebAuthn-false,false,2,64,false,1,833,108425,1302
WebAuthn,WebAuthn-false,false,2,64,false,2,833,108437,1302
WebAuthn,WebAuthn-false,false,2,256,false,0,902,116122,1394
WebAuthn,WebAuthn-false,false,2,256,false,1,906,114365,1373
WebAuthn,WebAuthn-false,false,2,256,false,2,906,114365,1373
WebAuthn,WebAuthn-false,false,3,1,false,0,708,99110,1190
WebAuthn,WebAuthn-false,false,3,1,false,1,710,97089,1166
WebAuthn,WebAuthn-false,false,3,1,false,2,710,97089,1166
WebAuthn,WebAuthn-false,false,3,1,true,0,708,119206,1431
WebAuthn,WebAuthn-false,false,3,1,true,1,710,97089,1166
WebAuthn,WebAuthn-false,false,3,1,true,2,710,97089,1166
WebAuthn,WebAuthn-false,false,3,2,false,0,741,101630,1220
WebAuthn,WebAuthn-false,false,3,2,false,1,743,99609,1196
WebAuthn,WebAuthn-false,false,3,2,false,2,743,99609,1196
WebAuthn,WebAuthn-false,false,3,4,false,0,775,104166,1250
WebAuthn,WebAuthn-false,false,3,4,false,1,777,102145,1226
WebAuthn,WebAuthn-false,false,3,4,false,2,777,102145,1226
WebAuthn,WebAuthn-false,false,3,8,false,0,808,106674,1281
WebAuthn,WebAuthn-false,false,3,8,false,1,810,104653,1256
WebAuthn,WebAuthn-false,false,3,8,false,2,810,104653,1256
WebAuthn,WebAuthn-false,false,3,16,false,0,841,109170,1311
WebAuthn,WebAuthn-false,false,3,16,false,1,843,107149,1286
WebAuthn,WebAuthn-false,false,3,16,false,2,843,107149,1286
WebAuthn,WebAuthn-false,false,3,64,false,0,909,114278,1372
WebAuthn,WebAuthn-false,false,3,64,false,1,911,112257,1348
WebAuthn,WebAuthn-false,false,3,64,false,2,911,112257,1348
WebAuthn,WebAuthn-false,false,3,256,false,0,980,119470,1434
WebAuthn,WebAuthn-false,false,3,256,false,1,984,117409,1409
WebAuthn,WebAuthn-false,false,3,256,false,2,984,117409,1409
WebAuthn,WebAuthn-false,true,0,1,false,0,599,73477,882
WebAuthn,WebAuthn-false,true,0,1,false,1,599,71472,858
WebAuthn,WebAuthn-false,true,0,1,false,2,599,71472,858
WebAuthn,WebAuthn-false,true,0,1,true,0,599,93573,1123
WebAuthn,WebAuthn-false,true,0,1,true,1,599,71472,858
WebAuthn,WebAuthn-false,true,0,1,true,2,599,71472,858
WebAuthn,WebAuthn-false,true,0,2,false,0,632,74365,893
WebAuthn,WebAuthn-false,true,0,2,false,1,632,72360,869
WebAuthn,WebAuthn-false,true,0,2,false,2,632,72360,869
WebAuthn,WebAuthn-false,true,0,4,false,0,666,75269,904
WebAuthn,WebAuthn-false,true,0,4,false,1,666,73264,880
WebAuthn,WebAuthn-false,true,0,4,false,2,666,73264,880
WebAuthn,WebAuthn-false,true,0,8,false,0,699,76133,914
WebAuthn,WebAuthn-false,true,0,8,false,1,699,74128,890
WebAuthn,WebAuthn-false,true,0,8,false,2,699,74128,890
WebAuthn,WebAuthn-false,true,0,16,false,0,732,77033,925
WebAuthn,WebAuthn-false,true,0,16,false,1,732,75028,901
WebAuthn,WebAuthn-false,true,0,16,false,2,732,75028,901
WebAuthn,WebAuthn-false,true,0,64,false,0,800,78841,947
WebAuthn,WebAuthn-false,true,0,64,false,1,800,76836,923
WebAuthn,WebAuthn-false,true,0,64,false,2,800,76836,923
WebAuthn,WebAuthn-false,true,0,256,false,0,871,81017,973
WebAuthn,WebAuthn-false,true,0,256,false,1,873,78972,948
WebAuthn,WebAuthn-false,true,0,256,false,2,873,78972,948
WebAuthn,WebAuthn-false,true,1,1,false,0,630,78878,947
WebAuthn,WebAuthn-false,true,1,1,false,1,630,76849,923
WebAuthn,WebAuthn-false,true,1,1,false,2,630,76849,923
WebAuthn,WebAuthn-false,true,1,1,true,0,630,98974,1188
WebAuthn,WebAuthn-false,true,1,1,true,1,630,76849,923
WebAuthn,WebAuthn-false,true,1,1,true,2,630,76849,923
WebAuthn,WebAuthn-false,true,1,2,false,0,663,80098,962
WebAuthn,WebAuthn-false,true,1,2,false,1,663,78093,938
WebAuthn,WebAuthn-false,true,1,2,false,2,663,78093,938
WebAuthn,WebAuthn-false,true,1,4,false,0,697,81430,978
WebAuthn,WebAuthn-false,true,1,4,false,1,697,79401,953
WebAuthn,WebAuthn-false,true,1,4,false,2,697,79401,953
WebAuthn,WebAuthn-false,true,1,8,false,0,730,82698,993
WebAuthn,WebAuthn-false,true,1,8,false,1,730,80657,968
WebAuthn,WebAuthn-false,true,1,8,false,2,730,80669,969
WebAuthn,WebAuthn-false,true,1,16,false,0,763,83966,1008
WebAuthn,WebAuthn-false,true,1,16,false,1,763,81937,984
WebAuthn,WebAuthn-false,true,1,16,false,2,763,81937,984
WebAuthn,WebAuthn-false,true,1,64,false,0,831,86510,1039
WebAuthn,WebAuthn-false,true,1,64,false,1,831,84493,1014
WebAuthn,WebAuthn-false,true,1,64,false,2,831,84493,1014
WebAuthn,WebAuthn-false,true,1,256,false,0,902,89314,1072
WebAuthn,WebAuthn-false,true,1,256,false,1,904,87245,1047
WebAuthn,WebAuthn-false,true,1,256,false,2,904,87245,1047
WebAuthn,WebAuthn-false,true,2,1,false,0,630,78978,948
WebAuthn,WebAuthn-false,true,2,1,false,1,630,76949,924
WebAuthn,WebAuthn-false,true,2,1,false,2,630,76949,924
WebAuthn,WebAuthn-false,true,2,1,true,0,630,99074,1189
WebAuthn,WebAuthn-false,true,2,1,true,1,630,76949,924
WebAuthn,WebAuthn-false,true,2,1,true,2,630,76949,924
WebAuthn,WebAuthn-false,true,2,2,false,0,663,80198,963
WebAuthn,WebAuthn-false,true,2,2,false,1,663,78181,939
WebAuthn,WebAuthn-false,true,2,2,false,2,663,78193,939
WebAuthn,WebAuthn-false,true,2,4,false,0,697,81530,979
WebAuthn,WebAuthn-false,true,2,4,false,1,697,79489,954
WebAuthn,WebAuthn-false,true,2,4,false,2,697,79501,955
WebAuthn,WebAuthn-false,true,2,8,false,0,730,82798,994
WebAuthn,WebAuthn-false,true,2,8,false,1,730,80769,970
WebAuthn,WebAuthn-false,true,2,8,false,2,730,80769,970
WebAuthn,WebAuthn-false,true,2,16,false,0,763,84066,1009
WebAuthn,WebAuthn-false,true,2,16,false,1,763,82037,985
WebAuthn,WebAuthn-false,true,2,16,false,2,763,82037,985
WebAuthn,WebAuthn-false,true,2,64,false,0,831,86598,1040
WebAuthn,WebAuthn-false,true,2,64,false,1,831,84581,1015
WebAuthn,WebAuthn-false,true,2,64,false,2,831,84581,1015
WebAuthn,WebAuthn-false,true,2,256,false,0,902,89414,1073
WebAuthn,WebAuthn-false,true,2,256,false,1,904,87345,1049
WebAuthn,WebAuthn-false,true,2,256,false,2,904,87345,1049
WebAuthn,WebAuthn-false,true,3,1,false,0,708,80538,967
WebAuthn,WebAuthn-false,true,3,1,false,1,708,78485,942
WebAuthn,WebAuthn-false,true,3,1,false,2,708,78485,942
WebAuthn,WebAuthn-false,true,3,1,true,0,708,100634,1208
WebAuthn,WebAuthn-false,true,3,1,true,1,708,78485,942
WebAuthn,WebAuthn-false,true,3,1,true,2,708,78485,942
WebAuthn,WebAuthn-false,true,3,2,false,0,741,81806,982
WebAuthn,WebAuthn-false,true,3,2,false,1,741,79753,958
WebAuthn,WebAuthn-false,true,3,2,false,2,741,79753,958
WebAuthn,WebAuthn-false,true,3,4,false,0,775,83090,998
WebAuthn,WebAuthn-false,true,3,4,false,1,775,81037,973
WebAuthn,WebAuthn-false,true,3,4,false,2,775,81037,973
WebAuthn,WebAuthn-false,true,3,8,false,0,808,84346,1013
WebAuthn,WebAuthn-false,true,3,8,false,1,808,82293,988
WebAuthn,WebAuthn-false,true,3,8,false,2,808,82293,988
WebAuthn,WebAuthn-false,true,3,16,false,0,841,85590,1028
WebAuthn,WebAuthn-false,true,3,16,false,1,841,83537,1003
WebAuthn,WebAuthn-false,true,3,16,false,2,841,83537,1003
WebAuthn,WebAuthn-false,true,3,64,false,0,909,88194,1059
WebAuthn,WebAuthn-false,true,3,64,false,1,909,86141,1034
WebAuthn,WebAuthn-false,true,3,64,false,2,909,86141,1034
WebAuthn,WebAuthn-false,true,3,256,false,0,980,90882,1091
WebAuthn,WebAuthn-false,true,3,256,false,1,982,88789,1066
WebAuthn,WebAuthn-false,true,3,256,false,2,982,88789,1066
WebAuthn,WebAuthn-true,false,0,1,false,0,599,72785,874
WebAuthn,WebAuthn-true,false,0,1,false,1,599,70780,850
WebAuthn,WebAuthn-true,false,0,1,false,2,599,70780,850
WebAuthn,WebAuthn-true,false,0,1,true,0,599,92881,1115
WebAuthn,WebAuthn-true,false,0,1,true,1,599,70780,850
WebAuthn,WebAuthn-true,false,0,1,true,2,599,70780,850
WebAuthn,WebAuthn-true,false,0,2,false,0,632,73661,884
WebAuthn,WebAuthn-true,false,0,2,false,1,632,71656,860
WebAuthn,WebAuthn-true,false,0,2,false,2,632,71656,860
WebAuthn,WebAuthn-true,false,0,4,false,0,666,74553,895
WebAuthn,WebAuthn-true,false,0,4,false,1,666,72548,871
WebAuthn,WebAuthn-true,false,0,4,false,2,666,72548,871
WebAuthn,WebAuthn-true,false,0,8,false,0,699,75441,906
WebAuthn,WebAuthn-true,false,0,8,false,1,699,73436,882
WebAuthn,WebAuthn-true,false,0,8,false,2,699,73436,882
WebAuthn,WebAuthn-true,false,0,16,false,0,732,76353,917
WebAuthn,WebAuthn-true,false,0,16,false,1,732,74348,893
WebAuthn,WebAuthn-true,false,0,16,false,2,732,74348,893
WebAuthn,WebAuthn-true,false,0,64,false,0,800,78149,938
WebAuthn,WebAuthn-true,false,0,64,false,1,800,76144,914
WebAuthn,WebAuthn-true,false,0,64,false,2,800,76144,914
WebAuthn,WebAuthn-true,false,0,256,false,0,871,80325,964
WebAuthn,WebAuthn-true,false,0,256,false,1,873,78280,940
WebAuthn,WebAuthn-true,false,0,256,false,2,873,78280,940
WebAuthn,WebAuthn-true,false,1,1,false,0,630,98618,1184
WebAuthn,WebAuthn-true,false,1,1,false,1,632,96621,1160
WebAuthn,WebAuthn-true,false,1,1,false,2,632,96621,1160
WebAuthn,WebAuthn-true,false,1,1,true,0,630,118714,1425
WebAuthn,WebAuthn-true,false,1,1,true,1,632,96621,1160
WebAuthn,WebAuthn-true,false,1,1,true,2,632,96621,1160
WebAuthn,WebAuthn-true,false,1,2,false,0,663,101090,1214
WebAuthn,WebAuthn-true,false,1,2,false,1,665,99117,1190
WebAuthn,WebAuthn-true,false,1,2,false,2,665,99117,1190
WebAuthn,WebAuthn-true,false,1,4,false,0,697,103674,1245
WebAuthn,WebAuthn-true,false,1,4,false,1,699,101677,1221
WebAuthn,WebAuthn-true,false,1,4,false,2,699,101677,1221
WebAuthn,WebAuthn-true,false,1,8,false,0,730,106194,1275
WebAuthn,WebAuthn-true,false,1,8,false,1,732,104197,1251
WebAuthn,WebAuthn-true,false,1,8,false,2,732,104197,1251
WebAuthn,WebAuthn-true,false,1,16,false,0,763,108714,1305
WebAuthn,WebAuthn-true,false,1,16,false,1,765,106705,1281
WebAuthn,WebAuthn-true,false,1,16,false,2,765,106717,1281
WebAuthn,WebAuthn-true,false,1,64,false,0,831,114162,1370
WebAuthn,WebAuthn-true,false,1,64,false,1,833,112257,1348
WebAuthn,WebAuthn-true,false,1,64,false,2,833,112257,1348
WebAuthn,WebAuthn-true,false,1,256,false,0,902,119930,1440
WebAuthn,WebAuthn-true,false,1,256,false,1,906,118173,1419
WebAuthn,WebAuthn-true,false,1,256,false,2,906,118173,1419
WebAuthn,WebAuthn-true,false,2,1,false,0,630,98806,1186
WebAuthn,WebAuthn-true,false,2,1,false,1,632,96809,1162
WebAuthn,WebAuthn-true,false,2,1,false,2,632,96809,1162
WebAuthn,WebAuthn-true,false,2,1,true,0,630,118902,1427
WebAuthn,WebAuthn-true,false,2,1,true,1,632,96809,1162
WebAuthn,WebAuthn-true,false,2,1,true,2,632,96809,1162
WebAuthn,WebAuthn-true,false,2,2,false,0,663,101290,1216
WebAuthn,WebAuthn-true,false,2,2,false,1,665,99305,1192
WebAuthn,WebAuthn-true,false,2,2,false,2,665,99305,1192
WebAuthn,WebAuthn-true,false,2,4,false,0,697,103874,1247
WebAuthn,WebAuthn-true,false,2,4,false,1,699,101877,1223
WebAuthn,WebAuthn-true,false,2,4,false,2,699,101877,1223
WebAuthn,WebAuthn-true,false,2,8,false,0,730,106382,1277
WebAuthn,WebAuthn-true,false,2,8,false,1,732,104385,1253
WebAuthn,WebAuthn-true,false,2,8,false,2,732,104385,1253
WebAuthn,WebAuthn-true,false,2,16,false,0,763,108902,1307
WebAuthn,WebAuthn-true,false,2,16,false,1,765,106905,1283
WebAuthn,WebAuthn-true,false,2,16,false,2,765,106905,1283
WebAuthn,WebAuthn-true,false,2,64,false,0,831,114362,1373
WebAuthn,WebAuthn-true,false,2,64,false,1,833,112457,1350
WebAuthn,WebAuthn-true,false,2,64,false,2,833,112457,1350
WebAuthn,WebAuthn-true,false,2,256,false,0,902,120130,1442
WebAuthn,WebAuthn-true,false,2,256,false,1,906,118373,1421
WebAuthn,WebAuthn-true,false,2,256,false,2,906,118373,1421
WebAuthn,WebAuthn-true,false,3,1,false,0,708,103106,1238
WebAuthn,WebAuthn-true,false,3,1,false,1,710,101085,1214
WebAuthn,WebAuthn-true,false,3,1,false,2,710,101085,1214
WebAuthn,WebAuthn-true,false,3,1,true,0,708,123202,1479
WebAuthn,WebAuthn-true,false,3,1,true,1,710,101085,1214
WebAuthn,WebAuthn-true,false,3,1,true,2,710,101085,1214
WebAuthn,WebAuthn-true,false,3,2,false,0,741,105638,1268
WebAuthn,WebAuthn-true,false,3,2,false,1,743,103605,1244
WebAuthn,WebAuthn-true,false,3,2,false,2,743,103617,1244
WebAuthn,WebAuthn-true,false,3,4,false,0,775,108174,1299
WebAuthn,WebAuthn-true,false,3,4,false,1,777,106153,1274
WebAuthn,WebAuthn-true,false,3,4,false,2,777,106153,1274
WebAuthn,WebAuthn-true,false,3,8,false,0,808,110682,1329
WebAuthn,WebAuthn-true,false,3,8,false,1,810,108661,1304
WebAuthn,WebAuthn-true,false,3,8,false,2,810,108649,1304
WebAuthn,WebAuthn-true,false,3,16,false,0,841,113178,1359
WebAuthn,WebAuthn-true,false,3,16,false,1,843,111157,1334
WebAuthn,WebAuthn-true,false,3,16,false,2,843,111157,1334
WebAuthn,WebAuthn-true,false,3,64,false,0,909,118286,1420
WebAuthn,WebAuthn-true,false,3,64,false,1,911,116265,1396
WebAuthn,WebAuthn-true,false,3,64,false,2,911,116265,1396
WebAuthn,WebAuthn-true,false,3,256,false,0,980,123478,1482
WebAuthn,WebAuthn-true,false,3,256,false,1,984,121417,1458
WebAuthn,WebAuthn-true,false,3,256,false,2,984,121417,1458
WebAuthn,WebAuthn-true,true,0,1,false,0,599,77485,930
WebAuthn,WebAuthn-true,true,0,1,false,1,599,75480,906
WebAuthn,WebAuthn-true,true,0,1,false,2,599,75480,906
WebAuthn,WebAuthn-true,true,0,1,true,0,599,97581,1171
WebAuthn,WebAuthn-true,true,0,1,true,1,599,75480,906
WebAuthn,WebAuthn-true,true,0,1,true,2,599,75480,906
WebAuthn,WebAuthn-true,true,0,2,false,0,632,78361,941
WebAuthn,WebAuthn-true,true,0,2,false,1,632,76356,917
WebAuthn,WebAuthn-true,true,0,2,false,2,632,76356,917
WebAuthn,WebAuthn-true,true,0,4,false,0,666,79253,952
WebAuthn,WebAuthn-true,true,0,4,false,1,666,77248,927
WebAuthn,WebAuthn-true,true,0,4,false,2,666,77248,927
WebAuthn,WebAuthn-true,true,0,8,false,0,699,80141,962
WebAuthn,WebAuthn-true,true,0,8,false,1,699,78136,938
WebAuthn,WebAuthn-true,true,0,8,false,2,699,78136,938
WebAuthn,WebAuthn-true,true,0,16,false,0,732,81053,973
WebAuthn,WebAuthn-true,true,0,16,false,1,732,79048,949
WebAuthn,WebAuthn-true,true,0,16,false,2,732,79048,949
WebAuthn,WebAuthn-true,true,0,64,false,0,800,82849,995
WebAuthn,WebAuthn-true,true,0,64,false,1,800,80844,971
WebAuthn,WebAuthn-true,true,0,64,false,2,800,80844,971
WebAuthn,WebAuthn-true,true,0,256,false,0,871,85025,1021
WebAuthn,WebAuthn-true,true,0,256,false,1,873,82980,996
WebAuthn,WebAuthn-true,true,0,256,false,2,873,82980,996
WebAuthn,WebAuthn-true,true,1,1,false,0,630,82886,995
WebAuthn,WebAuthn-true,true,1,1,false,1,630,80857,971
WebAuthn,WebAuthn-true,true,1,1,false,2,630,80857,971
WebAuthn,WebAuthn-true,true,1,1,true,0,630,102982,1236
WebAuthn,WebAuthn-true,true,1,1,true,1,630,80857,971
WebAuthn,WebAuthn-true,true,1,1,true,2,630,80857,971
WebAuthn,WebAuthn-true,true,1,2,false,0,663,84106,1010
WebAuthn,WebAuthn-true,true,1,2,false,1,663,82101,986
WebAuthn,WebAuthn-true,true,1,2,false,2,663,82101,986
WebAuthn,WebAuthn-true,true,1,4,false,0,697,85438,1026
WebAuthn,WebAuthn-true,true,1,4,false,1,697,83409,1001
WebAuthn,WebAuthn-true,true,1,4,false,2,697,83397,1001
WebAuthn,WebAuthn-true,true,1,8,false,0,730,86706,1041
WebAuthn,WebAuthn-true,true,1,8,false,1,730,84677,1017
WebAuthn,WebAuthn-true,true,1,8,false,2,730,84677,1017
WebAuthn,WebAuthn-true,true,1,16,false,0,763,87974,1056
WebAuthn,WebAuthn-true,true,1,16,false,1,763,85945,1032
WebAuthn,WebAuthn-true,true,1,16,false,2,763,85945,1032
WebAuthn,WebAuthn-true,true,1,64,false,0,831,90518,1087
WebAuthn,WebAuthn-true,true,1,64,false,1,831,88501,1063
WebAuthn,WebAuthn-true,true,1,64,false,2,831,88489,1062
WebAuthn,WebAuthn-true,true,1,256,false,0,902,93322,1120
WebAuthn,WebAuthn-true,true,1,256,false,1,904,91253,1096
WebAuthn,WebAuthn-true,true,1,256,false,2,904,91253,1096
WebAuthn,WebAuthn-true,true,2,1,false,0,630,82974,996
WebAuthn,WebAuthn-true,true,2,1,false,1,630,80945,972
WebAuthn,WebAuthn-true,true,2,1,false,2,630,80945,972
WebAuthn,WebAuthn-true,true,2,1,true,0,630,103070,1237
WebAuthn,WebAuthn-true,true,2,1,true,1,630,80945,972
WebAuthn,WebAuthn-true,true,2,1,true,2,630,80945,972
WebAuthn,WebAuthn-true,true,2,2,false,0,663,84206,1011
WebAuthn,WebAuthn-true,true,2,2,false,1,663,82201,987
WebAuthn,WebAuthn-true,true,2,2,false,2,663,82201,987
WebAuthn,WebAuthn-true,true,2,4,false,0,697,85538,1027
WebAuthn,WebAuthn-true,true,2,4,false,1,697,83509,1003
WebAuthn,WebAuthn-true,true,2,4,false,2,697,83509,1003
WebAuthn,WebAuthn-true,true,2,8,false,0,730,86794,1042
WebAuthn,WebAuthn-true,true,2,8,false,1,730,84765,1018
WebAuthn,WebAuthn-true,true,2,8,false,2,730,84753,1018
WebAuthn,WebAuthn-true,true,2,16,false,0,763,88062,1057
WebAuthn,WebAuthn-true,true,2,16,false,1,763,86021,1033
WebAuthn,WebAuthn-true,true,2,16,false,2,763,86033,1033
WebAuthn,WebAuthn-true,true,2,64,false,0,831,90618,1088
WebAuthn,WebAuthn-true,true,2,64,false,1,831,88601,1064
WebAuthn,WebAuthn-true,true,2,64,false,2,831,88601,1064
WebAuthn,WebAuthn-true,true,2,256,false,0,902,93422,1122
WebAuthn,WebAuthn-true,true,2,256,false,1,904,91353,1097
WebAuthn,WebAuthn-true,true,2,256,false,2,904,91353,1097
WebAuthn,WebAuthn-true,true,3,1,false,0,708,84534,1015
WebAuthn,WebAuthn-true,true,3,1,false,1,708,82481,990
WebAuthn,WebAuthn-true,true,3,1,false,2,708,82481,990
WebAuthn,WebAuthn-true,true,3,1,true,0,708,104630,1256
WebAuthn,WebAuthn-true,true,3,1,true,1,708,82481,990
WebAuthn,WebAuthn-true,true,3,1,true,2,708,82481,990
WebAuthn,WebAuthn-true,true,3,2,false,0,741,85814,1030
WebAuthn,WebAuthn-true,true,3,2,false,1,741,83761,1006
WebAuthn,WebAuthn-true,true,3,2,false,2,741,83761,1006
WebAuthn,WebAuthn-true,true,3,4,false,0,775,87098,1046
WebAuthn,WebAuthn-true,true,3,4,false,1,775,85045,1021
WebAuthn,WebAuthn-true,true,3,4,false,2,775,85045,1021
WebAuthn,WebAuthn-true,true,3,8,false,0,808,88354,1061
WebAuthn,WebAuthn-true,true,3,8,false,1,808,86301,1036
WebAuthn,WebAuthn-true,true,3,8,false,2,808,86301,1036
WebAuthn,WebAuthn-true,true,3,16,false,0,841,89598,1076
WebAuthn,WebAuthn-true,true,3,16,false,1,841,87545,1051
WebAuthn,WebAuthn-true,true,3,16,false,2,841,87545,1051
WebAuthn,WebAuthn-true,true,3,64,false,0,909,92202,1107
WebAuthn,WebAuthn-true,true,3,64,false,1,909,90149,1082
WebAuthn,WebAuthn-true,true,3,64,false,2,909,90149,1082
WebAuthn,WebAuthn-true,true,3,256,false,0,980,94890,1139
WebAuthn,WebAuthn-true,true,3,256,false,1,982,92797,1114
WebAuthn,WebAuthn-true,true,3,256,false,2,982,92797,1114
