kind,mode,parent,delegate,configurable,sponsored,policy,phase,edge,failure,status,gas,floor_micro_pathusd,cap_micro_pathusd
matrix,stored,Secp-false,Secp-false,,false,0,0,,,success,300218,181,3603
matrix,stored,Secp-false,Secp-false,,false,0,1,,,success,36518,22,439
matrix,stored,Secp-false,Secp-false,,false,0,2,,,success,36518,22,439
matrix,carried,Secp-false,Secp-false,,false,0,0,,,success,44842,27,539
matrix,carried,Secp-false,Secp-false,,false,0,1,,,success,44842,27,539
matrix,carried,Secp-false,Secp-false,,false,0,2,,,success,44842,27,539
matrix,stored,Secp-false,Secp-false,,false,1,0,,,success,802905,482,9635
matrix,stored,Secp-false,Secp-false,,false,1,1,,,success,39205,24,471
matrix,stored,Secp-false,Secp-false,,false,1,2,,,success,39205,24,471
matrix,carried,Secp-false,Secp-false,,false,1,0,,,success,311369,187,3737
matrix,carried,Secp-false,Secp-false,,false,1,1,,,success,64169,39,771
matrix,carried,Secp-false,Secp-false,,false,1,2,,,success,64169,39,771
matrix,stored,Secp-false,Secp-false,,false,2,0,,,success,803005,482,9637
matrix,stored,Secp-false,Secp-false,,false,2,1,,,success,39305,24,472
matrix,stored,Secp-false,Secp-false,,false,2,2,,,success,39305,24,472
matrix,carried,Secp-false,Secp-false,,false,2,0,,,success,314065,189,3769
matrix,carried,Secp-false,Secp-false,,false,2,1,,,success,66865,41,803
matrix,carried,Secp-false,Secp-false,,false,2,2,,,success,316965,191,3804
matrix,stored,Secp-false,Secp-false,,false,3,0,,,success,2817105,1691,33806
matrix,stored,Secp-false,Secp-false,,false,3,1,,,success,43405,27,521
matrix,stored,Secp-false,Secp-false,,false,3,2,,,success,43405,27,521
matrix,carried,Secp-false,Secp-false,,false,3,0,,,success,312397,188,3749
matrix,carried,Secp-false,Secp-false,,false,3,1,,,success,65197,40,783
matrix,carried,Secp-false,Secp-false,,false,3,2,,,success,65197,40,783
matrix,stored,Secp-false,Secp-false,,true,0,0,,,success,305018,184,3661
matrix,stored,Secp-false,Secp-false,,true,0,1,,,success,41318,25,496
matrix,stored,Secp-false,Secp-false,,true,0,2,,,success,41318,25,496
matrix,carried,Secp-false,Secp-false,,true,0,0,,,success,49542,30,595
matrix,carried,Secp-false,Secp-false,,true,0,1,,,success,49542,30,595
matrix,carried,Secp-false,Secp-false,,true,0,2,,,success,49542,30,595
matrix,stored,Secp-false,Secp-false,,true,1,0,,,success,807705,485,9693
matrix,stored,Secp-false,Secp-false,,true,1,1,,,success,50805,31,610
matrix,stored,Secp-false,Secp-false,,true,1,2,,,success,50805,31,610
matrix,carried,Secp-false,Secp-false,,true,1,0,,,success,307615,185,3692
matrix,carried,Secp-false,Secp-false,,true,1,1,,,success,58315,35,700
matrix,carried,Secp-false,Secp-false,,true,1,2,,,success,58315,35,700
matrix,stored,Secp-false,Secp-false,,true,2,0,,,success,807805,485,9694
matrix,stored,Secp-false,Secp-false,,true,2,1,,,success,50905,31,611
matrix,stored,Secp-false,Secp-false,,true,2,2,,,success,53705,33,645
matrix,carried,Secp-false,Secp-false,,true,2,0,,,success,309957,186,3720
matrix,carried,Secp-false,Secp-false,,true,2,1,,,success,60657,37,728
matrix,carried,Secp-false,Secp-false,,true,2,2,,,success,312857,188,3755
matrix,stored,Secp-false,Secp-false,,true,3,0,,,success,2821905,1694,33863
matrix,stored,Secp-false,Secp-false,,true,3,1,,,success,55005,34,661
matrix,stored,Secp-false,Secp-false,,true,3,2,,,success,55005,34,661
matrix,carried,Secp-false,Secp-false,,true,3,0,,,success,308643,186,3704
matrix,carried,Secp-false,Secp-false,,true,3,1,,,success,59343,36,713
matrix,carried,Secp-false,Secp-false,,true,3,2,,,success,59343,36,713
matrix,stored,Secp-false,Secp-true,,false,0,0,,,success,304226,183,3651
matrix,stored,Secp-false,Secp-true,,false,0,1,,,success,40526,25,487
matrix,stored,Secp-false,Secp-true,,false,0,2,,,success,40526,25,487
matrix,carried,Secp-false,Secp-true,,false,0,0,,,success,48838,30,587
matrix,carried,Secp-false,Secp-true,,false,0,1,,,success,48838,30,587
matrix,carried,Secp-false,Secp-true,,false,0,2,,,success,48838,30,587
matrix,stored,Secp-false,Secp-true,,false,1,0,,,success,806913,485,9683
matrix,stored,Secp-false,Secp-true,,false,1,1,,,success,43213,26,519
matrix,stored,Secp-false,Secp-true,,false,1,2,,,success,43213,26,519
matrix,carried,Secp-false,Secp-true,,false,1,0,,,success,315377,190,3785
matrix,carried,Secp-false,Secp-true,,false,1,1,,,success,68177,41,819
matrix,carried,Secp-false,Secp-true,,false,1,2,,,success,68177,41,819
matrix,stored,Secp-false,Secp-true,,false,2,0,,,success,807013,485,9685
matrix,stored,Secp-false,Secp-true,,false,2,1,,,success,43313,26,520
matrix,stored,Secp-false,Secp-true,,false,2,2,,,success,43313,26,520
matrix,carried,Secp-false,Secp-true,,false,2,0,,,success,318085,191,3818
matrix,carried,Secp-false,Secp-true,,false,2,1,,,success,70885,43,851
matrix,carried,Secp-false,Secp-true,,false,2,2,,,success,320985,193,3852
matrix,stored,Secp-false,Secp-true,,false,3,0,,,success,2821113,1693,33854
matrix,stored,Secp-false,Secp-true,,false,3,1,,,success,47413,29,569
matrix,stored,Secp-false,Secp-true,,false,3,2,,,success,47413,29,569
matrix,carried,Secp-false,Secp-true,,false,3,0,,,success,316417,190,3798
matrix,carried,Secp-false,Secp-true,,false,3,1,,,success,69217,42,831
matrix,carried,Secp-false,Secp-true,,false,3,2,,,success,69217,42,831
matrix,stored,Secp-false,Secp-true,,true,0,0,,,success,309026,186,3709
matrix,stored,Secp-false,Secp-true,,true,0,1,,,success,45326,28,544
matrix,stored,Secp-false,Secp-true,,true,0,2,,,success,45326,28,544
matrix,carried,Secp-false,Secp-true,,true,0,0,,,success,53538,33,643
matrix,carried,Secp-false,Secp-true,,true,0,1,,,success,53538,33,643
matrix,carried,Secp-false,Secp-true,,true,0,2,,,success,53538,33,643
matrix,stored,Secp-false,Secp-true,,true,1,0,,,success,811713,488,9741
matrix,stored,Secp-false,Secp-true,,true,1,1,,,success,54813,33,658
matrix,stored,Secp-false,Secp-true,,true,1,2,,,success,54813,33,658
matrix,carried,Secp-false,Secp-true,,true,1,0,,,success,311623,187,3740
matrix,carried,Secp-false,Secp-true,,true,1,1,,,success,62323,38,748
matrix,carried,Secp-false,Secp-true,,true,1,2,,,success,62323,38,748
matrix,stored,Secp-false,Secp-true,,true,2,0,,,success,811813,488,9742
matrix,stored,Secp-false,Secp-true,,true,2,1,,,success,54913,33,659
matrix,stored,Secp-false,Secp-true,,true,2,2,,,success,57713,35,693
matrix,carried,Secp-false,Secp-true,,true,2,0,,,success,313977,189,3768
matrix,carried,Secp-false,Secp-true,,true,2,1,,,success,64677,39,777
matrix,carried,Secp-false,Secp-true,,true,2,2,,,success,316877,191,3803
matrix,stored,Secp-false,Secp-true,,true,3,0,,,success,2825913,1696,33911
matrix,stored,Secp-false,Secp-true,,true,3,1,,,success,59013,36,709
matrix,stored,Secp-false,Secp-true,,true,3,2,,,success,59013,36,709
matrix,carried,Secp-false,Secp-true,,true,3,0,,,success,312663,188,3752
matrix,carried,Secp-false,Secp-true,,true,3,1,,,success,63363,39,761
matrix,carried,Secp-false,Secp-true,,true,3,2,,,success,63363,39,761
matrix,stored,Secp-true,Secp-false,,false,0,0,,,success,301626,181,3620
matrix,stored,Secp-true,Secp-false,,false,0,1,,,success,36518,22,439
matrix,stored,Secp-true,Secp-false,,false,0,2,,,success,36518,22,439
matrix,carried,Secp-true,Secp-false,,false,0,0,,,success,47002,29,565
matrix,carried,Secp-true,Secp-false,,false,0,1,,,success,47002,29,565
matrix,carried,Secp-true,Secp-false,,false,0,2,,,success,47002,29,565
matrix,stored,Secp-true,Secp-false,,false,1,0,,,success,804313,483,9652
matrix,stored,Secp-true,Secp-false,,false,1,1,,,success,39205,24,471
matrix,stored,Secp-true,Secp-false,,false,1,2,,,success,39205,24,471
matrix,carried,Secp-true,Secp-false,,false,1,0,,,success,313517,189,3763
matrix,carried,Secp-true,Secp-false,,false,1,1,,,success,66317,40,796
matrix,carried,Secp-true,Secp-false,,false,1,2,,,success,66317,40,796
matrix,stored,Secp-true,Secp-false,,false,2,0,,,success,804413,483,9653
matrix,stored,Secp-true,Secp-false,,false,2,1,,,success,39305,24,472
matrix,stored,Secp-true,Secp-false,,false,2,2,,,success,39305,24,472
matrix,carried,Secp-true,Secp-false,,false,2,0,,,success,316237,190,3795
matrix,carried,Secp-true,Secp-false,,false,2,1,,,success,69037,42,829
matrix,carried,Secp-true,Secp-false,,false,2,2,,,success,319137,192,3830
matrix,stored,Secp-true,Secp-false,,false,3,0,,,success,2818513,1692,33823
matrix,stored,Secp-true,Secp-false,,false,3,1,,,success,43405,27,521
matrix,stored,Secp-true,Secp-false,,false,3,2,,,success,43405,27,521
matrix,carried,Secp-true,Secp-false,,false,3,0,,,success,314541,189,3775
matrix,carried,Secp-true,Secp-false,,false,3,1,,,success,67341,41,809
matrix,carried,Secp-true,Secp-false,,false,3,2,,,success,67341,41,809
matrix,stored,Secp-true,Secp-false,,true,0,0,,,success,306426,184,3678
matrix,stored,Secp-true,Secp-false,,true,0,1,,,success,41318,25,496
matrix,stored,Secp-true,Secp-false,,true,0,2,,,success,41318,25,496
matrix,carried,Secp-true,Secp-false,,true,0,0,,,success,51702,32,621
matrix,carried,Secp-true,Secp-false,,true,0,1,,,success,51702,32,621
matrix,carried,Secp-true,Secp-false,,true,0,2,,,success,51702,32,621
matrix,stored,Secp-true,Secp-false,,true,1,0,,,success,809113,486,9710
matrix,stored,Secp-true,Secp-false,,true,1,1,,,success,50805,31,610
matrix,stored,Secp-true,Secp-false,,true,1,2,,,success,50805,31,610
matrix,carried,Secp-true,Secp-false,,true,1,0,,,success,309763,186,3718
matrix,carried,Secp-true,Secp-false,,true,1,1,,,success,60463,37,726
matrix,carried,Secp-true,Secp-false,,true,1,2,,,success,60463,37,726
matrix,stored,Secp-true,Secp-false,,true,2,0,,,success,809213,486,9711
matrix,stored,Secp-true,Secp-false,,true,2,1,,,success,50905,31,611
matrix,stored,Secp-true,Secp-false,,true,2,2,,,success,53705,33,645
matrix,carried,Secp-true,Secp-false,,true,2,0,,,success,312129,188,3746
matrix,carried,Secp-true,Secp-false,,true,2,1,,,success,62829,38,754
matrix,carried,Secp-true,Secp-false,,true,2,2,,,success,315029,190,3781
matrix,stored,Secp-true,Secp-false,,true,3,0,,,success,2823313,1694,33880
matrix,stored,Secp-true,Secp-false,,true,3,1,,,success,55005,34,661
matrix,stored,Secp-true,Secp-false,,true,3,2,,,success,55005,34,661
matrix,carried,Secp-true,Secp-false,,true,3,0,,,success,310787,187,3730
matrix,carried,Secp-true,Secp-false,,true,3,1,,,success,61487,37,738
matrix,carried,Secp-true,Secp-false,,true,3,2,,,success,61487,37,738
matrix,stored,Secp-true,Secp-true,,false,0,0,,,success,305634,184,3668
matrix,stored,Secp-true,Secp-true,,false,0,1,,,success,40526,25,487
matrix,stored,Secp-true,Secp-true,,false,0,2,,,success,40526,25,487
matrix,carried,Secp-true,Secp-true,,false,0,0,,,success,51010,31,613
matrix,carried,Secp-true,Secp-true,,false,0,1,,,success,51010,31,613
matrix,carried,Secp-true,Secp-true,,false,0,2,,,success,51010,31,613
matrix,stored,Secp-true,Secp-true,,false,1,0,,,success,808321,485,9700
matrix,stored,Secp-true,Secp-true,,false,1,1,,,success,43213,26,519
matrix,stored,Secp-true,Secp-true,,false,1,2,,,success,43213,26,519
matrix,carried,Secp-true,Secp-true,,false,1,0,,,success,317537,191,3811
matrix,carried,Secp-true,Secp-true,,false,1,1,,,success,70337,43,845
matrix,carried,Secp-true,Secp-true,,false,1,2,,,success,70337,43,845
matrix,stored,Secp-true,Secp-true,,false,2,0,,,success,808421,486,9702
matrix,stored,Secp-true,Secp-true,,false,2,1,,,success,43313,26,520
matrix,stored,Secp-true,Secp-true,,false,2,2,,,success,43313,26,520
matrix,carried,Secp-true,Secp-true,,false,2,0,,,success,320233,193,3843
matrix,carried,Secp-true,Secp-true,,false,2,1,,,success,73033,44,877
matrix,carried,Secp-true,Secp-true,,false,2,2,,,success,323133,194,3878
matrix,stored,Secp-true,Secp-true,,false,3,0,,,success,2822521,1694,33871
matrix,stored,Secp-true,Secp-true,,false,3,1,,,success,47413,29,569
matrix,stored,Secp-true,Secp-true,,false,3,2,,,success,47413,29,569
matrix,carried,Secp-true,Secp-true,,false,3,0,,,success,318549,192,3823
matrix,carried,Secp-true,Secp-true,,false,3,1,,,success,71349,43,857
matrix,carried,Secp-true,Secp-true,,false,3,2,,,success,71349,43,857
matrix,stored,Secp-true,Secp-true,,true,0,0,,,success,310434,187,3726
matrix,stored,Secp-true,Secp-true,,true,0,1,,,success,45326,28,544
matrix,stored,Secp-true,Secp-true,,true,0,2,,,success,45326,28,544
matrix,carried,Secp-true,Secp-true,,true,0,0,,,success,55710,34,669
matrix,carried,Secp-true,Secp-true,,true,0,1,,,success,55710,34,669
matrix,carried,Secp-true,Secp-true,,true,0,2,,,success,55710,34,669
matrix,stored,Secp-true,Secp-true,,true,1,0,,,success,813121,488,9758
matrix,stored,Secp-true,Secp-true,,true,1,1,,,success,54813,33,658
matrix,stored,Secp-true,Secp-true,,true,1,2,,,success,54813,33,658
matrix,carried,Secp-true,Secp-true,,true,1,0,,,success,313783,189,3766
matrix,carried,Secp-true,Secp-true,,true,1,1,,,success,64483,39,774
matrix,carried,Secp-true,Secp-true,,true,1,2,,,success,64483,39,774
matrix,stored,Secp-true,Secp-true,,true,2,0,,,success,813221,488,9759
matrix,stored,Secp-true,Secp-true,,true,2,1,,,success,54913,33,659
matrix,stored,Secp-true,Secp-true,,true,2,2,,,success,57713,35,693
matrix,carried,Secp-true,Secp-true,,true,2,0,,,success,316125,190,3794
matrix,carried,Secp-true,Secp-true,,true,2,1,,,success,66825,41,802
matrix,carried,Secp-true,Secp-true,,true,2,2,,,success,319025,192,3829
matrix,stored,Secp-true,Secp-true,,true,3,0,,,success,2827321,1697,33928
matrix,stored,Secp-true,Secp-true,,true,3,1,,,success,59013,36,709
matrix,stored,Secp-true,Secp-true,,true,3,2,,,success,59013,36,709
matrix,carried,Secp-true,Secp-true,,true,3,0,,,success,314795,189,3778
matrix,carried,Secp-true,Secp-true,,true,3,1,,,success,65495,40,786
matrix,carried,Secp-true,Secp-true,,true,3,2,,,success,65495,40,786
matrix,stored,Secp-false,P256-false,,false,0,0,,,success,305218,184,3663
matrix,stored,Secp-false,P256-false,,false,0,1,,,success,41518,25,499
matrix,stored,Secp-false,P256-false,,false,0,2,,,success,41518,25,499
matrix,carried,Secp-false,P256-false,,false,0,0,,,success,49842,30,599
matrix,carried,Secp-false,P256-false,,false,0,1,,,success,49842,30,599
matrix,carried,Secp-false,P256-false,,false,0,2,,,success,49842,30,599
matrix,stored,Secp-false,P256-false,,false,1,0,,,success,807905,485,9695
matrix,stored,Secp-false,P256-false,,false,1,1,,,success,44205,27,531
matrix,stored,Secp-false,P256-false,,false,1,2,,,success,44205,27,531
matrix,carried,Secp-false,P256-false,,false,1,0,,,success,316369,190,3797
matrix,carried,Secp-false,P256-false,,false,1,1,,,success,69169,42,831
matrix,carried,Secp-false,P256-false,,false,1,2,,,success,69169,42,831
matrix,stored,Secp-false,P256-false,,false,2,0,,,success,808005,485,9697
matrix,stored,Secp-false,P256-false,,false,2,1,,,success,44305,27,532
matrix,stored,Secp-false,P256-false,,false,2,2,,,success,44305,27,532
matrix,carried,Secp-false,P256-false,,false,2,0,,,success,319077,192,3829
matrix,carried,Secp-false,P256-false,,false,2,1,,,success,71877,44,863
matrix,carried,Secp-false,P256-false,,false,2,2,,,success,321977,194,3864
matrix,stored,Secp-false,P256-false,,false,3,0,,,success,2822105,1694,33866
matrix,stored,Secp-false,P256-false,,false,3,1,,,success,48405,30,581
matrix,stored,Secp-false,P256-false,,false,3,2,,,success,48405,30,581
matrix,carried,Secp-false,P256-false,,false,3,0,,,success,317409,191,3809
matrix,carried,Secp-false,P256-false,,false,3,1,,,success,70209,43,843
matrix,carried,Secp-false,P256-false,,false,3,2,,,success,70209,43,843
matrix,stored,Secp-false,P256-false,,true,0,0,,,success,310018,187,3721
matrix,stored,Secp-false,P256-false,,true,0,1,,,success,46318,28,556
matrix,stored,Secp-false,P256-false,,true,0,2,,,success,46318,28,556
matrix,carried,Secp-false,P256-false,,true,0,0,,,success,54542,33,655
matrix,carried,Secp-false,P256-false,,true,0,1,,,success,54542,33,655
matrix,carried,Secp-false,P256-false,,true,0,2,,,success,54542,33,655
matrix,stored,Secp-false,P256-false,,true,1,0,,,success,812705,488,9753
matrix,stored,Secp-false,P256-false,,true,1,1,,,success,55805,34,670
matrix,stored,Secp-false,P256-false,,true,1,2,,,success,55805,34,670
matrix,carried,Secp-false,P256-false,,true,1,0,,,success,312615,188,3752
matrix,carried,Secp-false,P256-false,,true,1,1,,,success,63315,38,760
matrix,carried,Secp-false,P256-false,,true,1,2,,,success,63315,38,760
matrix,stored,Secp-false,P256-false,,true,2,0,,,success,812805,488,9754
matrix,stored,Secp-false,P256-false,,true,2,1,,,success,55905,34,671
matrix,stored,Secp-false,P256-false,,true,2,2,,,success,58705,36,705
matrix,carried,Secp-false,P256-false,,true,2,0,,,success,314969,189,3780
matrix,carried,Secp-false,P256-false,,true,2,1,,,success,65669,40,789
matrix,carried,Secp-false,P256-false,,true,2,2,,,success,317869,191,3815
matrix,stored,Secp-false,P256-false,,true,3,0,,,success,2826905,1697,33923
matrix,stored,Secp-false,P256-false,,true,3,1,,,success,60005,37,721
matrix,stored,Secp-false,P256-false,,true,3,2,,,success,60005,37,721
matrix,carried,Secp-false,P256-false,,true,3,0,,,success,313655,189,3764
matrix,carried,Secp-false,P256-false,,true,3,1,,,success,64355,39,773
matrix,carried,Secp-false,P256-false,,true,3,2,,,success,64355,39,773
matrix,stored,Secp-false,P256-true,,false,0,0,,,success,309226,186,3711
matrix,stored,Secp-false,P256-true,,false,0,1,,,success,45526,28,547
matrix,stored,Secp-false,P256-true,,false,0,2,,,success,45526,28,547
matrix,carried,Secp-false,P256-true,,false,0,0,,,success,53850,33,647
matrix,carried,Secp-false,P256-true,,false,0,1,,,success,53850,33,647
matrix,carried,Secp-false,P256-true,,false,0,2,,,success,53850,33,647
matrix,stored,Secp-false,P256-true,,false,1,0,,,success,811913,488,9743
matrix,stored,Secp-false,P256-true,,false,1,1,,,success,48213,29,579
matrix,stored,Secp-false,P256-true,,false,1,2,,,success,48213,29,579
matrix,carried,Secp-false,P256-true,,false,1,0,,,success,320377,193,3845
matrix,carried,Secp-false,P256-true,,false,1,1,,,success,73177,44,879
matrix,carried,Secp-false,P256-true,,false,1,2,,,success,73177,44,879
matrix,stored,Secp-false,P256-true,,false,2,0,,,success,812013,488,9745
matrix,stored,Secp-false,P256-true,,false,2,1,,,success,48313,29,580
matrix,stored,Secp-false,P256-true,,false,2,2,,,success,48313,29,580
matrix,carried,Secp-false,P256-true,,false,2,0,,,success,323085,194,3878
matrix,carried,Secp-false,P256-true,,false,2,1,,,success,75885,46,911
matrix,carried,Secp-false,P256-true,,false,2,2,,,success,325985,196,3912
matrix,stored,Secp-false,P256-true,,false,3,0,,,success,2826113,1696,33914
matrix,stored,Secp-false,P256-true,,false,3,1,,,success,52413,32,629
matrix,stored,Secp-false,P256-true,,false,3,2,,,success,52413,32,629
matrix,carried,Secp-false,P256-true,,false,3,0,,,success,321417,193,3858
matrix,carried,Secp-false,P256-true,,false,3,1,,,success,74217,45,891
matrix,carried,Secp-false,P256-true,,false,3,2,,,success,74217,45,891
matrix,stored,Secp-false,P256-true,,true,0,0,,,success,314026,189,3769
matrix,stored,Secp-false,P256-true,,true,0,1,,,success,50326,31,604
matrix,stored,Secp-false,P256-true,,true,0,2,,,success,50326,31,604
matrix,carried,Secp-false,P256-true,,true,0,0,,,success,58550,36,703
matrix,carried,Secp-false,P256-true,,true,0,1,,,success,58550,36,703
matrix,carried,Secp-false,P256-true,,true,0,2,,,success,58550,36,703
matrix,stored,Secp-false,P256-true,,true,1,0,,,success,816713,491,9801
matrix,stored,Secp-false,P256-true,,true,1,1,,,success,59813,36,718
matrix,stored,Secp-false,P256-true,,true,1,2,,,success,59813,36,718
matrix,carried,Secp-false,P256-true,,true,1,0,,,success,316623,190,3800
matrix,carried,Secp-false,P256-true,,true,1,1,,,success,67323,41,808
matrix,carried,Secp-false,P256-true,,true,1,2,,,success,67323,41,808
matrix,stored,Secp-false,P256-true,,true,2,0,,,success,816813,491,9802
matrix,stored,Secp-false,P256-true,,true,2,1,,,success,59913,36,719
matrix,stored,Secp-false,P256-true,,true,2,2,,,success,62713,38,753
matrix,carried,Secp-false,P256-true,,true,2,0,,,success,318977,192,3828
matrix,carried,Secp-false,P256-true,,true,2,1,,,success,69677,42,837
matrix,carried,Secp-false,P256-true,,true,2,2,,,success,321877,194,3863
matrix,stored,Secp-false,P256-true,,true,3,0,,,success,2830913,1699,33971
matrix,stored,Secp-false,P256-true,,true,3,1,,,success,64013,39,769
matrix,stored,Secp-false,P256-true,,true,3,2,,,success,64013,39,769
matrix,carried,Secp-false,P256-true,,true,3,0,,,success,317663,191,3812
matrix,carried,Secp-false,P256-true,,true,3,1,,,success,68363,42,821
matrix,carried,Secp-false,P256-true,,true,3,2,,,success,68363,42,821
matrix,stored,Secp-true,P256-false,,false,0,0,,,success,306626,184,3680
matrix,stored,Secp-true,P256-false,,false,0,1,,,success,41518,25,499
matrix,stored,Secp-true,P256-false,,false,0,2,,,success,41518,25,499
matrix,carried,Secp-true,P256-false,,false,0,0,,,success,52002,32,625
matrix,carried,Secp-true,P256-false,,false,0,1,,,success,52002,32,625
matrix,carried,Secp-true,P256-false,,false,0,2,,,success,52002,32,625
matrix,stored,Secp-true,P256-false,,false,1,0,,,success,809313,486,9712
matrix,stored,Secp-true,P256-false,,false,1,1,,,success,44205,27,531
matrix,stored,Secp-true,P256-false,,false,1,2,,,success,44205,27,531
matrix,carried,Secp-true,P256-false,,false,1,0,,,success,318529,192,3823
matrix,carried,Secp-true,P256-false,,false,1,1,,,success,71329,43,856
matrix,carried,Secp-true,P256-false,,false,1,2,,,success,71329,43,856
matrix,stored,Secp-true,P256-false,,false,2,0,,,success,809413,486,9713
matrix,stored,Secp-true,P256-false,,false,2,1,,,success,44305,27,532
matrix,stored,Secp-true,P256-false,,false,2,2,,,success,44305,27,532
matrix,carried,Secp-true,P256-false,,false,2,0,,,success,321237,193,3855
matrix,carried,Secp-true,P256-false,,false,2,1,,,success,74037,45,889
matrix,carried,Secp-true,P256-false,,false,2,2,,,success,324137,195,3890
matrix,stored,Secp-true,P256-false,,false,3,0,,,success,2823513,1695,33883
matrix,stored,Secp-true,P256-false,,false,3,1,,,success,48405,30,581
matrix,stored,Secp-true,P256-false,,false,3,2,,,success,48405,30,581
matrix,carried,Secp-true,P256-false,,false,3,0,,,success,319553,192,3835
matrix,carried,Secp-true,P256-false,,false,3,1,,,success,72353,44,869
matrix,carried,Secp-true,P256-false,,false,3,2,,,success,72353,44,869
matrix,stored,Secp-true,P256-false,,true,0,0,,,success,311426,187,3738
matrix,stored,Secp-true,P256-false,,true,0,1,,,success,46318,28,556
matrix,stored,Secp-true,P256-false,,true,0,2,,,success,46318,28,556
matrix,carried,Secp-true,P256-false,,true,0,0,,,success,56702,35,681
matrix,carried,Secp-true,P256-false,,true,0,1,,,success,56702,35,681
matrix,carried,Secp-true,P256-false,,true,0,2,,,success,56702,35,681
matrix,stored,Secp-true,P256-false,,true,1,0,,,success,814113,489,9770
matrix,stored,Secp-true,P256-false,,true,1,1,,,success,55805,34,670
matrix,stored,Secp-true,P256-false,,true,1,2,,,success,55805,34,670
matrix,carried,Secp-true,P256-false,,true,1,0,,,success,314775,189,3778
matrix,carried,Secp-true,P256-false,,true,1,1,,,success,65475,40,786
matrix,carried,Secp-true,P256-false,,true,1,2,,,success,65475,40,786
matrix,stored,Secp-true,P256-false,,true,2,0,,,success,814213,489,9771
matrix,stored,Secp-true,P256-false,,true,2,1,,,success,55905,34,671
matrix,stored,Secp-true,P256-false,,true,2,2,,,success,58705,36,705
matrix,carried,Secp-true,P256-false,,true,2,0,,,success,317129,191,3806
matrix,carried,Secp-true,P256-false,,true,2,1,,,success,67829,41,814
matrix,carried,Secp-true,P256-false,,true,2,2,,,success,320029,193,3841
matrix,stored,Secp-true,P256-false,,true,3,0,,,success,2828313,1697,33940
matrix,stored,Secp-true,P256-false,,true,3,1,,,success,60005,37,721
matrix,stored,Secp-true,P256-false,,true,3,2,,,success,60005,37,721
matrix,carried,Secp-true,P256-false,,true,3,0,,,success,315799,190,3790
matrix,carried,Secp-true,P256-false,,true,3,1,,,success,66499,40,798
matrix,carried,Secp-true,P256-false,,true,3,2,,,success,66499,40,798
matrix,stored,Secp-true,P256-true,,false,0,0,,,success,310634,187,3728
matrix,stored,Secp-true,P256-true,,false,0,1,,,success,45526,28,547
matrix,stored,Secp-true,P256-true,,false,0,2,,,success,45526,28,547
matrix,carried,Secp-true,P256-true,,false,0,0,,,success,56010,34,673
matrix,carried,Secp-true,P256-true,,false,0,1,,,success,56010,34,673
matrix,carried,Secp-true,P256-true,,false,0,2,,,success,56010,34,673
matrix,stored,Secp-true,P256-true,,false,1,0,,,success,813321,488,9760
matrix,stored,Secp-true,P256-true,,false,1,1,,,success,48213,29,579
matrix,stored,Secp-true,P256-true,,false,1,2,,,success,48213,29,579
matrix,carried,Secp-true,P256-true,,false,1,0,,,success,322537,194,3871
matrix,carried,Secp-true,P256-true,,false,1,1,,,success,75337,46,905
matrix,carried,Secp-true,P256-true,,false,1,2,,,success,75337,46,905
matrix,stored,Secp-true,P256-true,,false,2,0,,,success,813421,489,9762
matrix,stored,Secp-true,P256-true,,false,2,1,,,success,48313,29,580
matrix,stored,Secp-true,P256-true,,false,2,2,,,success,48313,29,580
matrix,carried,Secp-true,P256-true,,false,2,0,,,success,325245,196,3903
matrix,carried,Secp-true,P256-true,,false,2,1,,,success,78045,47,937
matrix,carried,Secp-true,P256-true,,false,2,2,,,success,328145,197,3938
matrix,stored,Secp-true,P256-true,,false,3,0,,,success,2827521,1697,33931
matrix,stored,Secp-true,P256-true,,false,3,1,,,success,52413,32,629
matrix,stored,Secp-true,P256-true,,false,3,2,,,success,52413,32,629
matrix,carried,Secp-true,P256-true,,false,3,0,,,success,323561,195,3883
matrix,carried,Secp-true,P256-true,,false,3,1,,,success,76361,46,917
matrix,carried,Secp-true,P256-true,,false,3,2,,,success,76361,46,917
matrix,stored,Secp-true,P256-true,,true,0,0,,,success,315434,190,3786
matrix,stored,Secp-true,P256-true,,true,0,1,,,success,50326,31,604
matrix,stored,Secp-true,P256-true,,true,0,2,,,success,50326,31,604
matrix,carried,Secp-true,P256-true,,true,0,0,,,success,60710,37,729
matrix,carried,Secp-true,P256-true,,true,0,1,,,success,60710,37,729
matrix,carried,Secp-true,P256-true,,true,0,2,,,success,60710,37,729
matrix,stored,Secp-true,P256-true,,true,1,0,,,success,818121,491,9818
matrix,stored,Secp-true,P256-true,,true,1,1,,,success,59813,36,718
matrix,stored,Secp-true,P256-true,,true,1,2,,,success,59813,36,718
matrix,carried,Secp-true,P256-true,,true,1,0,,,success,318783,192,3826
matrix,carried,Secp-true,P256-true,,true,1,1,,,success,69483,42,834
matrix,carried,Secp-true,P256-true,,true,1,2,,,success,69483,42,834
matrix,stored,Secp-true,P256-true,,true,2,0,,,success,818221,491,9819
matrix,stored,Secp-true,P256-true,,true,2,1,,,success,59913,36,719
matrix,stored,Secp-true,P256-true,,true,2,2,,,success,62713,38,753
matrix,carried,Secp-true,P256-true,,true,2,0,,,success,321137,193,3854
matrix,carried,Secp-true,P256-true,,true,2,1,,,success,71837,44,863
matrix,carried,Secp-true,P256-true,,true,2,2,,,success,324037,195,3889
matrix,stored,Secp-true,P256-true,,true,3,0,,,success,2832321,1700,33988
matrix,stored,Secp-true,P256-true,,true,3,1,,,success,64013,39,769
matrix,stored,Secp-true,P256-true,,true,3,2,,,success,64013,39,769
matrix,carried,Secp-true,P256-true,,true,3,0,,,success,319807,192,3838
matrix,carried,Secp-true,P256-true,,true,3,1,,,success,70507,43,847
matrix,carried,Secp-true,P256-true,,true,3,2,,,success,70507,43,847
matrix,stored,Secp-false,WebAuthn-false,,false,0,0,,,success,307234,185,3687
matrix,stored,Secp-false,WebAuthn-false,,false,0,1,,,success,43534,27,523
matrix,stored,Secp-false,WebAuthn-false,,false,0,2,,,success,43534,27,523
matrix,carried,Secp-false,WebAuthn-false,,false,0,0,,,success,51858,32,623
matrix,carried,Secp-false,WebAuthn-false,,false,0,1,,,success,51858,32,623
matrix,carried,Secp-false,WebAuthn-false,,false,0,2,,,success,51858,32,623
matrix,stored,Secp-false,WebAuthn-false,,false,1,0,,,success,809921,486,9720
matrix,stored,Secp-false,WebAuthn-false,,false,1,1,,,success,46221,28,555
matrix,stored,Secp-false,WebAuthn-false,,false,1,2,,,success,46221,28,555
matrix,carried,Secp-false,WebAuthn-false,,false,1,0,,,success,318373,192,3821
matrix,carried,Secp-false,WebAuthn-false,,false,1,1,,,success,71173,43,855
matrix,carried,Secp-false,WebAuthn-false,,false,1,2,,,success,71173,43,855
matrix,stored,Secp-false,WebAuthn-false,,false,2,0,,,success,810021,487,9721
matrix,stored,Secp-false,WebAuthn-false,,false,2,1,,,success,46321,28,556
matrix,stored,Secp-false,WebAuthn-false,,false,2,2,,,success,46321,28,556
matrix,carried,Secp-false,WebAuthn-false,,false,2,0,,,success,321093,193,3854
matrix,carried,Secp-false,WebAuthn-false,,false,2,1,,,success,73893,45,887
matrix,carried,Secp-false,WebAuthn-false,,false,2,2,,,success,323993,195,3888
matrix,stored,Secp-false,WebAuthn-false,,false,3,0,,,success,2824121,1695,33890
matrix,stored,Secp-false,WebAuthn-false,,false,3,1,,,success,50421,31,606
matrix,stored,Secp-false,WebAuthn-false,,false,3,2,,,success,50421,31,606
matrix,carried,Secp-false,WebAuthn-false,,false,3,0,,,success,319425,192,3834
matrix,carried,Secp-false,WebAuthn-false,,false,3,1,,,success,72225,44,867
matrix,carried,Secp-false,WebAuthn-false,,false,3,2,,,success,72225,44,867
matrix,stored,Secp-false,WebAuthn-false,,true,0,0,,,success,312034,188,3745
matrix,stored,Secp-false,WebAuthn-false,,true,0,1,,,success,48334,30,581
matrix,stored,Secp-false,WebAuthn-false,,true,0,2,,,success,48334,30,581
matrix,carried,Secp-false,WebAuthn-false,,true,0,0,,,success,56558,34,679
matrix,carried,Secp-false,WebAuthn-false,,true,0,1,,,success,56558,34,679
matrix,carried,Secp-false,WebAuthn-false,,true,0,2,,,success,56558,34,679
matrix,stored,Secp-false,WebAuthn-false,,true,1,0,,,success,814721,489,9777
matrix,stored,Secp-false,WebAuthn-false,,true,1,1,,,success,57821,35,694
matrix,stored,Secp-false,WebAuthn-false,,true,1,2,,,success,57821,35,694
matrix,carried,Secp-false,WebAuthn-false,,true,1,0,,,success,314619,189,3776
matrix,carried,Secp-false,WebAuthn-false,,true,1,1,,,success,65319,40,784
matrix,carried,Secp-false,WebAuthn-false,,true,1,2,,,success,65319,40,784
matrix,stored,Secp-false,WebAuthn-false,,true,2,0,,,success,814821,489,9778
matrix,stored,Secp-false,WebAuthn-false,,true,2,1,,,success,57921,35,696
matrix,stored,Secp-false,WebAuthn-false,,true,2,2,,,success,60721,37,729
matrix,carried,Secp-false,WebAuthn-false,,true,2,0,,,success,316985,191,3804
matrix,carried,Secp-false,WebAuthn-false,,true,2,1,,,success,67685,41,813
matrix,carried,Secp-false,WebAuthn-false,,true,2,2,,,success,319885,192,3839
matrix,stored,Secp-false,WebAuthn-false,,true,3,0,,,success,2828921,1698,33948
matrix,stored,Secp-false,WebAuthn-false,,true,3,1,,,success,62021,38,745
matrix,stored,Secp-false,WebAuthn-false,,true,3,2,,,success,62021,38,745
matrix,carried,Secp-false,WebAuthn-false,,true,3,0,,,success,315671,190,3789
matrix,carried,Secp-false,WebAuthn-false,,true,3,1,,,success,66371,40,797
matrix,carried,Secp-false,WebAuthn-false,,true,3,2,,,success,66371,40,797
matrix,stored,Secp-false,WebAuthn-true,,false,0,0,,,success,311242,187,3735
matrix,stored,Secp-false,WebAuthn-true,,false,0,1,,,success,47542,29,571
matrix,stored,Secp-false,WebAuthn-true,,false,0,2,,,success,47542,29,571
matrix,carried,Secp-false,WebAuthn-true,,false,0,0,,,success,55866,34,671
matrix,carried,Secp-false,WebAuthn-true,,false,0,1,,,success,55866,34,671
matrix,carried,Secp-false,WebAuthn-true,,false,0,2,,,success,55866,34,671
matrix,stored,Secp-false,WebAuthn-true,,false,1,0,,,success,813929,489,9768
matrix,stored,Secp-false,WebAuthn-true,,false,1,1,,,success,50229,31,603
matrix,stored,Secp-false,WebAuthn-true,,false,1,2,,,success,50229,31,603
matrix,carried,Secp-false,WebAuthn-true,,false,1,0,,,success,322393,194,3869
matrix,carried,Secp-false,WebAuthn-true,,false,1,1,,,success,75193,46,903
matrix,carried,Secp-false,WebAuthn-true,,false,1,2,,,success,75193,46,903
matrix,stored,Secp-false,WebAuthn-true,,false,2,0,,,success,814029,489,9769
matrix,stored,Secp-false,WebAuthn-true,,false,2,1,,,success,50329,31,604
matrix,stored,Secp-false,WebAuthn-true,,false,2,2,,,success,50329,31,604
matrix,carried,Secp-false,WebAuthn-true,,false,2,0,,,success,325101,196,3902
matrix,carried,Secp-false,WebAuthn-true,,false,2,1,,,success,77901,47,935
matrix,carried,Secp-false,WebAuthn-true,,false,2,2,,,success,328001,197,3937
matrix,stored,Secp-false,WebAuthn-true,,false,3,0,,,success,2828129,1697,33938
matrix,stored,Secp-false,WebAuthn-true,,false,3,1,,,success,54429,33,654
matrix,stored,Secp-false,WebAuthn-true,,false,3,2,,,success,54429,33,654
matrix,carried,Secp-false,WebAuthn-true,,false,3,0,,,success,323433,195,3882
matrix,carried,Secp-false,WebAuthn-true,,false,3,1,,,success,76233,46,915
matrix,carried,Secp-false,WebAuthn-true,,false,3,2,,,success,76233,46,915
matrix,stored,Secp-false,WebAuthn-true,,true,0,0,,,success,316042,190,3793
matrix,stored,Secp-false,WebAuthn-true,,true,0,1,,,success,52342,32,629
matrix,stored,Secp-false,WebAuthn-true,,true,0,2,,,success,52342,32,629
matrix,carried,Secp-false,WebAuthn-true,,true,0,0,,,success,60566,37,727
matrix,carried,Secp-false,WebAuthn-true,,true,0,1,,,success,60566,37,727
matrix,carried,Secp-false,WebAuthn-true,,true,0,2,,,success,60566,37,727
matrix,stored,Secp-false,WebAuthn-true,,true,1,0,,,success,818729,492,9825
matrix,stored,Secp-false,WebAuthn-true,,true,1,1,,,success,61829,38,742
matrix,stored,Secp-false,WebAuthn-true,,true,1,2,,,success,61829,38,742
matrix,carried,Secp-false,WebAuthn-true,,true,1,0,,,success,318639,192,3824
matrix,carried,Secp-false,WebAuthn-true,,true,1,1,,,success,69339,42,833
matrix,carried,Secp-false,WebAuthn-true,,true,1,2,,,success,69339,42,833
matrix,stored,Secp-false,WebAuthn-true,,true,2,0,,,success,818829,492,9826
matrix,stored,Secp-false,WebAuthn-true,,true,2,1,,,success,61929,38,744
matrix,stored,Secp-false,WebAuthn-true,,true,2,2,,,success,64729,39,777
matrix,carried,Secp-false,WebAuthn-true,,true,2,0,,,success,320993,193,3852
matrix,carried,Secp-false,WebAuthn-true,,true,2,1,,,success,71693,44,861
matrix,carried,Secp-false,WebAuthn-true,,true,2,2,,,success,323893,195,3887
matrix,stored,Secp-false,WebAuthn-true,,true,3,0,,,success,2832929,1700,33996
matrix,stored,Secp-false,WebAuthn-true,,true,3,1,,,success,66029,40,793
matrix,stored,Secp-false,WebAuthn-true,,true,3,2,,,success,66029,40,793
matrix,carried,Secp-false,WebAuthn-true,,true,3,0,,,success,319679,192,3837
matrix,carried,Secp-false,WebAuthn-true,,true,3,1,,,success,70379,43,845
matrix,carried,Secp-false,WebAuthn-true,,true,3,2,,,success,70379,43,845
matrix,stored,Secp-true,WebAuthn-false,,false,0,0,,,success,308642,186,3704
matrix,stored,Secp-true,WebAuthn-false,,false,0,1,,,success,43534,27,523
matrix,stored,Secp-true,WebAuthn-false,,false,0,2,,,success,43534,27,523
matrix,carried,Secp-true,WebAuthn-false,,false,0,0,,,success,54018,33,649
matrix,carried,Secp-true,WebAuthn-false,,false,0,1,,,success,54018,33,649
matrix,carried,Secp-true,WebAuthn-false,,false,0,2,,,success,54018,33,649
matrix,stored,Secp-true,WebAuthn-false,,false,1,0,,,success,811329,487,9736
matrix,stored,Secp-true,WebAuthn-false,,false,1,1,,,success,46221,28,555
matrix,stored,Secp-true,WebAuthn-false,,false,1,2,,,success,46221,28,555
matrix,carried,Secp-true,WebAuthn-false,,false,1,0,,,success,320545,193,3847
matrix,carried,Secp-true,WebAuthn-false,,false,1,1,,,success,73345,45,881
matrix,carried,Secp-true,WebAuthn-false,,false,1,2,,,success,73345,45,881
matrix,stored,Secp-true,WebAuthn-false,,false,2,0,,,success,811429,487,9738
matrix,stored,Secp-true,WebAuthn-false,,false,2,1,,,success,46321,28,556
matrix,stored,Secp-true,WebAuthn-false,,false,2,2,,,success,46321,28,556
matrix,carried,Secp-true,WebAuthn-false,,false,2,0,,,success,323241,194,3879
matrix,carried,Secp-true,WebAuthn-false,,false,2,1,,,success,76041,46,913
matrix,carried,Secp-true,WebAuthn-false,,false,2,2,,,success,326141,196,3914
matrix,stored,Secp-true,WebAuthn-false,,false,3,0,,,success,2825529,1696,33907
matrix,stored,Secp-true,WebAuthn-false,,false,3,1,,,success,50421,31,606
matrix,stored,Secp-true,WebAuthn-false,,false,3,2,,,success,50421,31,606
matrix,carried,Secp-true,WebAuthn-false,,false,3,0,,,success,321545,193,3859
matrix,carried,Secp-true,WebAuthn-false,,false,3,1,,,success,74345,45,893
matrix,carried,Secp-true,WebAuthn-false,,false,3,2,,,success,74345,45,893
matrix,stored,Secp-true,WebAuthn-false,,true,0,0,,,success,313442,189,3762
matrix,stored,Secp-true,WebAuthn-false,,true,0,1,,,success,48334,30,581
matrix,stored,Secp-true,WebAuthn-false,,true,0,2,,,success,48334,30,581
matrix,carried,Secp-true,WebAuthn-false,,true,0,0,,,success,58718,36,705
matrix,carried,Secp-true,WebAuthn-false,,true,0,1,,,success,58718,36,705
matrix,carried,Secp-true,WebAuthn-false,,true,0,2,,,success,58718,36,705
matrix,stored,Secp-true,WebAuthn-false,,true,1,0,,,success,816129,490,9794
matrix,stored,Secp-true,WebAuthn-false,,true,1,1,,,success,57821,35,694
matrix,stored,Secp-true,WebAuthn-false,,true,1,2,,,success,57821,35,694
matrix,carried,Secp-true,WebAuthn-false,,true,1,0,,,success,316791,191,3802
matrix,carried,Secp-true,WebAuthn-false,,true,1,1,,,success,67491,41,810
matrix,carried,Secp-true,WebAuthn-false,,true,1,2,,,success,67491,41,810
matrix,stored,Secp-true,WebAuthn-false,,true,2,0,,,success,816229,490,9795
matrix,stored,Secp-true,WebAuthn-false,,true,2,1,,,success,57921,35,696
matrix,stored,Secp-true,WebAuthn-false,,true,2,2,,,success,60721,37,729
matrix,carried,Secp-true,WebAuthn-false,,true,2,0,,,success,319133,192,3830
matrix,carried,Secp-true,WebAuthn-false,,true,2,1,,,success,69833,42,838
matrix,carried,Secp-true,WebAuthn-false,,true,2,2,,,success,322033,194,3865
matrix,stored,Secp-true,WebAuthn-false,,true,3,0,,,success,2830329,1699,33964
matrix,stored,Secp-true,WebAuthn-false,,true,3,1,,,success,62021,38,745
matrix,stored,Secp-true,WebAuthn-false,,true,3,2,,,success,62021,38,745
matrix,carried,Secp-true,WebAuthn-false,,true,3,0,,,success,317791,191,3814
matrix,carried,Secp-true,WebAuthn-false,,true,3,1,,,success,68491,42,822
matrix,carried,Secp-true,WebAuthn-false,,true,3,2,,,success,68491,42,822
matrix,stored,Secp-true,WebAuthn-true,,false,0,0,,,success,312650,188,3752
matrix,stored,Secp-true,WebAuthn-true,,false,0,1,,,success,47542,29,571
matrix,stored,Secp-true,WebAuthn-true,,false,0,2,,,success,47542,29,571
matrix,carried,Secp-true,WebAuthn-true,,false,0,0,,,success,58026,35,697
matrix,carried,Secp-true,WebAuthn-true,,false,0,1,,,success,58026,35,697
matrix,carried,Secp-true,WebAuthn-true,,false,0,2,,,success,58026,35,697
matrix,stored,Secp-true,WebAuthn-true,,false,1,0,,,success,815337,490,9785
matrix,stored,Secp-true,WebAuthn-true,,false,1,1,,,success,50229,31,603
matrix,stored,Secp-true,WebAuthn-true,,false,1,2,,,success,50229,31,603
matrix,carried,Secp-true,WebAuthn-true,,false,1,0,,,success,324553,195,3895
matrix,carried,Secp-true,WebAuthn-true,,false,1,1,,,success,77353,47,929
matrix,carried,Secp-true,WebAuthn-true,,false,1,2,,,success,77353,47,929
matrix,stored,Secp-true,WebAuthn-true,,false,2,0,,,success,815437,490,9786
matrix,stored,Secp-true,WebAuthn-true,,false,2,1,,,success,50329,31,604
matrix,stored,Secp-true,WebAuthn-true,,false,2,2,,,success,50329,31,604
matrix,carried,Secp-true,WebAuthn-true,,false,2,0,,,success,327261,197,3928
matrix,carried,Secp-true,WebAuthn-true,,false,2,1,,,success,80061,49,961
matrix,carried,Secp-true,WebAuthn-true,,false,2,2,,,success,330161,199,3962
matrix,stored,Secp-true,WebAuthn-true,,false,3,0,,,success,2829537,1698,33955
matrix,stored,Secp-true,WebAuthn-true,,false,3,1,,,success,54429,33,654
matrix,stored,Secp-true,WebAuthn-true,,false,3,2,,,success,54429,33,654
matrix,carried,Secp-true,WebAuthn-true,,false,3,0,,,success,325577,196,3907
matrix,carried,Secp-true,WebAuthn-true,,false,3,1,,,success,78377,48,941
matrix,carried,Secp-true,WebAuthn-true,,false,3,2,,,success,78377,48,941
matrix,stored,Secp-true,WebAuthn-true,,true,0,0,,,success,317450,191,3810
matrix,stored,Secp-true,WebAuthn-true,,true,0,1,,,success,52342,32,629
matrix,stored,Secp-true,WebAuthn-true,,true,0,2,,,success,52342,32,629
matrix,carried,Secp-true,WebAuthn-true,,true,0,0,,,success,62726,38,753
matrix,carried,Secp-true,WebAuthn-true,,true,0,1,,,success,62726,38,753
matrix,carried,Secp-true,WebAuthn-true,,true,0,2,,,success,62726,38,753
matrix,stored,Secp-true,WebAuthn-true,,true,1,0,,,success,820137,493,9842
matrix,stored,Secp-true,WebAuthn-true,,true,1,1,,,success,61829,38,742
matrix,stored,Secp-true,WebAuthn-true,,true,1,2,,,success,61829,38,742
matrix,carried,Secp-true,WebAuthn-true,,true,1,0,,,success,320799,193,3850
matrix,carried,Secp-true,WebAuthn-true,,true,1,1,,,success,71499,43,858
matrix,carried,Secp-true,WebAuthn-true,,true,1,2,,,success,71499,43,858
matrix,stored,Secp-true,WebAuthn-true,,true,2,0,,,success,820237,493,9843
matrix,stored,Secp-true,WebAuthn-true,,true,2,1,,,success,61929,38,744
matrix,stored,Secp-true,WebAuthn-true,,true,2,2,,,success,64729,39,777
matrix,carried,Secp-true,WebAuthn-true,,true,2,0,,,success,323153,194,3878
matrix,carried,Secp-true,WebAuthn-true,,true,2,1,,,success,73853,45,887
matrix,carried,Secp-true,WebAuthn-true,,true,2,2,,,success,326053,196,3913
matrix,stored,Secp-true,WebAuthn-true,,true,3,0,,,success,2834337,1701,34013
matrix,stored,Secp-true,WebAuthn-true,,true,3,1,,,success,66029,40,793
matrix,stored,Secp-true,WebAuthn-true,,true,3,2,,,success,66029,40,793
matrix,carried,Secp-true,WebAuthn-true,,true,3,0,,,success,321823,194,3862
matrix,carried,Secp-true,WebAuthn-true,,true,3,1,,,success,72523,44,871
matrix,carried,Secp-true,WebAuthn-true,,true,3,2,,,success,72523,44,871
matrix,stored,P256-false,Secp-false,,false,0,0,,,success,305218,184,3663
matrix,stored,P256-false,Secp-false,,false,0,1,,,success,36518,22,439
matrix,stored,P256-false,Secp-false,,false,0,2,,,success,36518,22,439
matrix,carried,P256-false,Secp-false,,false,0,0,,,success,51034,31,613
matrix,carried,P256-false,Secp-false,,false,0,1,,,success,51034,31,613
matrix,carried,P256-false,Secp-false,,false,0,2,,,success,51034,31,613
matrix,stored,P256-false,Secp-false,,false,1,0,,,success,807905,485,9695
matrix,stored,P256-false,Secp-false,,false,1,1,,,success,39205,24,471
matrix,stored,P256-false,Secp-false,,false,1,2,,,success,39205,24,471
matrix,carried,P256-false,Secp-false,,false,1,0,,,success,317561,191,3811
matrix,carried,P256-false,Secp-false,,false,1,1,,,success,70361,43,845
matrix,carried,P256-false,Secp-false,,false,1,2,,,success,70361,43,845
matrix,stored,P256-false,Secp-false,,false,2,0,,,success,808005,485,9697
matrix,stored,P256-false,Secp-false,,false,2,1,,,success,39305,24,472
matrix,stored,P256-false,Secp-false,,false,2,2,,,success,39305,24,472
matrix,carried,P256-false,Secp-false,,false,2,0,,,success,320281,193,3844
matrix,carried,P256-false,Secp-false,,false,2,1,,,success,73081,44,877
matrix,carried,P256-false,Secp-false,,false,2,2,,,success,323181,194,3879
matrix,stored,P256-false,Secp-false,,false,3,0,,,success,2822105,1694,33866
matrix,stored,P256-false,Secp-false,,false,3,1,,,success,43405,27,521
matrix,stored,P256-false,Secp-false,,false,3,2,,,success,43405,27,521
matrix,carried,P256-false,Secp-false,,false,3,0,,,success,318597,192,3824
matrix,carried,P256-false,Secp-false,,false,3,1,,,success,71397,43,857
matrix,carried,P256-false,Secp-false,,false,3,2,,,success,71397,43,857
matrix,stored,P256-false,Secp-false,,true,0,0,,,success,310018,187,3721
matrix,stored,P256-false,Secp-false,,true,0,1,,,success,41318,25,496
matrix,stored,P256-false,Secp-false,,true,0,2,,,success,41318,25,496
matrix,carried,P256-false,Secp-false,,true,0,0,,,success,55734,34,669
matrix,carried,P256-false,Secp-false,,true,0,1,,,success,55734,34,669
matrix,carried,P256-false,Secp-false,,true,0,2,,,success,55734,34,669
matrix,stored,P256-false,Secp-false,,true,1,0,,,success,812705,488,9753
matrix,stored,P256-false,Secp-false,,true,1,1,,,success,50805,31,610
matrix,stored,P256-false,Secp-false,,true,1,2,,,success,50805,31,610
matrix,carried,P256-false,Secp-false,,true,1,0,,,success,313807,189,3766
matrix,carried,P256-false,Secp-false,,true,1,1,,,success,64507,39,775
matrix,carried,P256-false,Secp-false,,true,1,2,,,success,64507,39,775
matrix,stored,P256-false,Secp-false,,true,2,0,,,success,812805,488,9754
matrix,stored,P256-false,Secp-false,,true,2,1,,,success,50905,31,611
matrix,stored,P256-false,Secp-false,,true,2,2,,,success,53705,33,645
matrix,carried,P256-false,Secp-false,,true,2,0,,,success,316173,190,3795
matrix,carried,P256-false,Secp-false,,true,2,1,,,success,66873,41,803
matrix,carried,P256-false,Secp-false,,true,2,2,,,success,319073,192,3829
matrix,stored,P256-false,Secp-false,,true,3,0,,,success,2826905,1697,33923
matrix,stored,P256-false,Secp-false,,true,3,1,,,success,55005,34,661
matrix,stored,P256-false,Secp-false,,true,3,2,,,success,55005,34,661
matrix,carried,P256-false,Secp-false,,true,3,0,,,success,314843,189,3779
matrix,carried,P256-false,Secp-false,,true,3,1,,,success,65543,40,787
matrix,carried,P256-false,Secp-false,,true,3,2,,,success,65543,40,787
matrix,stored,P256-false,Secp-true,,false,0,0,,,success,309226,186,3711
matrix,stored,P256-false,Secp-true,,false,0,1,,,success,40526,25,487
matrix,stored,P256-false,Secp-true,,false,0,2,,,success,40526,25,487
matrix,carried,P256-false,Secp-true,,false,0,0,,,success,55042,34,661
matrix,carried,P256-false,Secp-true,,false,0,1,,,success,55042,34,661
matrix,carried,P256-false,Secp-true,,false,0,2,,,success,55042,34,661
matrix,stored,P256-false,Secp-true,,false,1,0,,,success,811913,488,9743
matrix,stored,P256-false,Secp-true,,false,1,1,,,success,43213,26,519
matrix,stored,P256-false,Secp-true,,false,1,2,,,success,43213,26,519
matrix,carried,P256-false,Secp-true,,false,1,0,,,success,321581,193,3859
matrix,carried,P256-false,Secp-true,,false,1,1,,,success,74381,45,893
matrix,carried,P256-false,Secp-true,,false,1,2,,,success,74381,45,893
matrix,stored,P256-false,Secp-true,,false,2,0,,,success,812013,488,9745
matrix,stored,P256-false,Secp-true,,false,2,1,,,success,43313,26,520
matrix,stored,P256-false,Secp-true,,false,2,2,,,success,43313,26,520
matrix,carried,P256-false,Secp-true,,false,2,0,,,success,324289,195,3892
matrix,carried,P256-false,Secp-true,,false,2,1,,,success,77089,47,926
matrix,carried,P256-false,Secp-true,,false,2,2,,,success,327189,197,3927
matrix,stored,P256-false,Secp-true,,false,3,0,,,success,2826113,1696,33914
matrix,stored,P256-false,Secp-true,,false,3,1,,,success,47413,29,569
matrix,stored,P256-false,Secp-true,,false,3,2,,,success,47413,29,569
matrix,carried,P256-false,Secp-true,,false,3,0,,,success,322581,194,3871
matrix,carried,P256-false,Secp-true,,false,3,1,,,success,75381,46,905
matrix,carried,P256-false,Secp-true,,false,3,2,,,success,75381,46,905
matrix,stored,P256-false,Secp-true,,true,0,0,,,success,314026,189,3769
matrix,stored,P256-false,Secp-true,,true,0,1,,,success,45326,28,544
matrix,stored,P256-false,Secp-true,,true,0,2,,,success,45326,28,544
matrix,carried,P256-false,Secp-true,,true,0,0,,,success,59742,36,717
matrix,carried,P256-false,Secp-true,,true,0,1,,,success,59742,36,717
matrix,carried,P256-false,Secp-true,,true,0,2,,,success,59742,36,717
matrix,stored,P256-false,Secp-true,,true,1,0,,,success,816713,491,9801
matrix,stored,P256-false,Secp-true,,true,1,1,,,success,54813,33,658
matrix,stored,P256-false,Secp-true,,true,1,2,,,success,54813,33,658
matrix,carried,P256-false,Secp-true,,true,1,0,,,success,317827,191,3814
matrix,carried,P256-false,Secp-true,,true,1,1,,,success,68527,42,823
matrix,carried,P256-false,Secp-true,,true,1,2,,,success,68527,42,823
matrix,stored,P256-false,Secp-true,,true,2,0,,,success,816813,491,9802
matrix,stored,P256-false,Secp-true,,true,2,1,,,success,54913,33,659
matrix,stored,P256-false,Secp-true,,true,2,2,,,success,57713,35,693
matrix,carried,P256-false,Secp-true,,true,2,0,,,success,320181,193,3843
matrix,carried,P256-false,Secp-true,,true,2,1,,,success,70881,43,851
matrix,carried,P256-false,Secp-true,,true,2,2,,,success,323081,194,3877
matrix,stored,P256-false,Secp-true,,true,3,0,,,success,2830913,1699,33971
matrix,stored,P256-false,Secp-true,,true,3,1,,,success,59013,36,709
matrix,stored,P256-false,Secp-true,,true,3,2,,,success,59013,36,709
matrix,carried,P256-false,Secp-true,,true,3,0,,,success,318827,192,3826
matrix,carried,P256-false,Secp-true,,true,3,1,,,success,69527,42,835
matrix,carried,P256-false,Secp-true,,true,3,2,,,success,69527,42,835
matrix,stored,P256-true,Secp-false,,false,0,0,,,success,306626,184,3680
matrix,stored,P256-true,Secp-false,,false,0,1,,,success,36518,22,439
matrix,stored,P256-true,Secp-false,,false,0,2,,,success,36518,22,439
matrix,carried,P256-true,Secp-false,,false,0,0,,,success,53190,32,639
matrix,carried,P256-true,Secp-false,,false,0,1,,,success,53190,32,639
matrix,carried,P256-true,Secp-false,,false,0,2,,,success,53190,32,639
matrix,stored,P256-true,Secp-false,,false,1,0,,,success,809313,486,9712
matrix,stored,P256-true,Secp-false,,false,1,1,,,success,39205,24,471
matrix,stored,P256-true,Secp-false,,false,1,2,,,success,39205,24,471
matrix,carried,P256-true,Secp-false,,false,1,0,,,success,319717,192,3837
matrix,carried,P256-true,Secp-false,,false,1,1,,,success,72517,44,871
matrix,carried,P256-true,Secp-false,,false,1,2,,,success,72517,44,871
matrix,stored,P256-true,Secp-false,,false,2,0,,,success,809413,486,9713
matrix,stored,P256-true,Secp-false,,false,2,1,,,success,39305,24,472
matrix,stored,P256-true,Secp-false,,false,2,2,,,success,39305,24,472
matrix,carried,P256-true,Secp-false,,false,2,0,,,success,322425,194,3870
matrix,carried,P256-true,Secp-false,,false,2,1,,,success,75225,46,903
matrix,carried,P256-true,Secp-false,,false,2,2,,,success,325325,196,3904
matrix,stored,P256-true,Secp-false,,false,3,0,,,success,2823513,1695,33883
matrix,stored,P256-true,Secp-false,,false,3,1,,,success,43405,27,521
matrix,stored,P256-true,Secp-false,,false,3,2,,,success,43405,27,521
matrix,carried,P256-true,Secp-false,,false,3,0,,,success,320741,193,3849
matrix,carried,P256-true,Secp-false,,false,3,1,,,success,73541,45,883
matrix,carried,P256-true,Secp-false,,false,3,2,,,success,73541,45,883
matrix,stored,P256-true,Secp-false,,true,0,0,,,success,311426,187,3738
matrix,stored,P256-true,Secp-false,,true,0,1,,,success,41318,25,496
matrix,stored,P256-true,Secp-false,,true,0,2,,,success,41318,25,496
matrix,carried,P256-true,Secp-false,,true,0,0,,,success,57890,35,695
matrix,carried,P256-true,Secp-false,,true,0,1,,,success,57890,35,695
matrix,carried,P256-true,Secp-false,,true,0,2,,,success,57890,35,695
matrix,stored,P256-true,Secp-false,,true,1,0,,,success,814113,489,9770
matrix,stored,P256-true,Secp-false,,true,1,1,,,success,50805,31,610
matrix,stored,P256-true,Secp-false,,true,1,2,,,success,50805,31,610
matrix,carried,P256-true,Secp-false,,true,1,0,,,success,315963,190,3792
matrix,carried,P256-true,Secp-false,,true,1,1,,,success,66663,40,800
matrix,carried,P256-true,Secp-false,,true,1,2,,,success,66663,40,800
matrix,stored,P256-true,Secp-false,,true,2,0,,,success,814213,489,9771
matrix,stored,P256-true,Secp-false,,true,2,1,,,success,50905,31,611
matrix,stored,P256-true,Secp-false,,true,2,2,,,success,53705,33,645
matrix,carried,P256-true,Secp-false,,true,2,0,,,success,318317,191,3820
matrix,carried,P256-true,Secp-false,,true,2,1,,,success,69017,42,829
matrix,carried,P256-true,Secp-false,,true,2,2,,,success,321217,193,3855
matrix,stored,P256-true,Secp-false,,true,3,0,,,success,2828313,1697,33940
matrix,stored,P256-true,Secp-false,,true,3,1,,,success,55005,34,661
matrix,stored,P256-true,Secp-false,,true,3,2,,,success,55005,34,661
matrix,carried,P256-true,Secp-false,,true,3,0,,,success,316987,191,3804
matrix,carried,P256-true,Secp-false,,true,3,1,,,success,67687,41,813
matrix,carried,P256-true,Secp-false,,true,3,2,,,success,67687,41,813
matrix,stored,P256-true,Secp-true,,false,0,0,,,success,310634,187,3728
matrix,stored,P256-true,Secp-true,,false,0,1,,,success,40526,25,487
matrix,stored,P256-true,Secp-true,,false,0,2,,,success,40526,25,487
matrix,carried,P256-true,Secp-true,,false,0,0,,,success,57198,35,687
matrix,carried,P256-true,Secp-true,,false,0,1,,,success,57198,35,687
matrix,carried,P256-true,Secp-true,,false,0,2,,,success,57198,35,687
matrix,stored,P256-true,Secp-true,,false,1,0,,,success,813321,488,9760
matrix,stored,P256-true,Secp-true,,false,1,1,,,success,43213,26,519
matrix,stored,P256-true,Secp-true,,false,1,2,,,success,43213,26,519
matrix,carried,P256-true,Secp-true,,false,1,0,,,success,323725,195,3885
matrix,carried,P256-true,Secp-true,,false,1,1,,,success,76525,46,919
matrix,carried,P256-true,Secp-true,,false,1,2,,,success,76525,46,919
matrix,stored,P256-true,Secp-true,,false,2,0,,,success,813421,489,9762
matrix,stored,P256-true,Secp-true,,false,2,1,,,success,43313,26,520
matrix,stored,P256-true,Secp-true,,false,2,2,,,success,43313,26,520
matrix,carried,P256-true,Secp-true,,false,2,0,,,success,326433,196,3918
matrix,carried,P256-true,Secp-true,,false,2,1,,,success,79233,48,951
matrix,carried,P256-true,Secp-true,,false,2,2,,,success,329333,198,3952
matrix,stored,P256-true,Secp-true,,false,3,0,,,success,2827521,1697,33931
matrix,stored,P256-true,Secp-true,,false,3,1,,,success,47413,29,569
matrix,stored,P256-true,Secp-true,,false,3,2,,,success,47413,29,569
matrix,carried,P256-true,Secp-true,,false,3,0,,,success,324749,195,3897
matrix,carried,P256-true,Secp-true,,false,3,1,,,success,77549,47,931
matrix,carried,P256-true,Secp-true,,false,3,2,,,success,77549,47,931
matrix,stored,P256-true,Secp-true,,true,0,0,,,success,315434,190,3786
matrix,stored,P256-true,Secp-true,,true,0,1,,,success,45326,28,544
matrix,stored,P256-true,Secp-true,,true,0,2,,,success,45326,28,544
matrix,carried,P256-true,Secp-true,,true,0,0,,,success,61898,38,743
matrix,carried,P256-true,Secp-true,,true,0,1,,,success,61898,38,743
matrix,carried,P256-true,Secp-true,,true,0,2,,,success,61898,38,743
matrix,stored,P256-true,Secp-true,,true,1,0,,,success,818121,491,9818
matrix,stored,P256-true,Secp-true,,true,1,1,,,success,54813,33,658
matrix,stored,P256-true,Secp-true,,true,1,2,,,success,54813,33,658
matrix,carried,P256-true,Secp-true,,true,1,0,,,success,319971,192,3840
matrix,carried,P256-true,Secp-true,,true,1,1,,,success,70671,43,849
matrix,carried,P256-true,Secp-true,,true,1,2,,,success,70671,43,849
matrix,stored,P256-true,Secp-true,,true,2,0,,,success,818221,491,9819
matrix,stored,P256-true,Secp-true,,true,2,1,,,success,54913,33,659
matrix,stored,P256-true,Secp-true,,true,2,2,,,success,57713,35,693
matrix,carried,P256-true,Secp-true,,true,2,0,,,success,322325,194,3868
matrix,carried,P256-true,Secp-true,,true,2,1,,,success,73025,44,877
matrix,carried,P256-true,Secp-true,,true,2,2,,,success,325225,196,3903
matrix,stored,P256-true,Secp-true,,true,3,0,,,success,2832321,1700,33988
matrix,stored,P256-true,Secp-true,,true,3,1,,,success,59013,36,709
matrix,stored,P256-true,Secp-true,,true,3,2,,,success,59013,36,709
matrix,carried,P256-true,Secp-true,,true,3,0,,,success,320995,193,3852
matrix,carried,P256-true,Secp-true,,true,3,1,,,success,71695,44,861
matrix,carried,P256-true,Secp-true,,true,3,2,,,success,71695,44,861
matrix,stored,P256-false,P256-false,,false,0,0,,,success,310218,187,3723
matrix,stored,P256-false,P256-false,,false,0,1,,,success,41518,25,499
matrix,stored,P256-false,P256-false,,false,0,2,,,success,41518,25,499
matrix,carried,P256-false,P256-false,,false,0,0,,,success,56046,34,673
matrix,carried,P256-false,P256-false,,false,0,1,,,success,56046,34,673
matrix,carried,P256-false,P256-false,,false,0,2,,,success,56046,34,673
matrix,stored,P256-false,P256-false,,false,1,0,,,success,812905,488,9755
matrix,stored,P256-false,P256-false,,false,1,1,,,success,44205,27,531
matrix,stored,P256-false,P256-false,,false,1,2,,,success,44205,27,531
matrix,carried,P256-false,P256-false,,false,1,0,,,success,322573,194,3871
matrix,carried,P256-false,P256-false,,false,1,1,,,success,75373,46,905
matrix,carried,P256-false,P256-false,,false,1,2,,,success,75373,46,905
matrix,stored,P256-false,P256-false,,false,2,0,,,success,813005,488,9757
matrix,stored,P256-false,P256-false,,false,2,1,,,success,44305,27,532
matrix,stored,P256-false,P256-false,,false,2,2,,,success,44305,27,532
matrix,carried,P256-false,P256-false,,false,2,0,,,success,325257,196,3904
matrix,carried,P256-false,P256-false,,false,2,1,,,success,78057,47,937
matrix,carried,P256-false,P256-false,,false,2,2,,,success,328157,197,3938
matrix,stored,P256-false,P256-false,,false,3,0,,,success,2827105,1697,33926
matrix,stored,P256-false,P256-false,,false,3,1,,,success,48405,30,581
matrix,stored,P256-false,P256-false,,false,3,2,,,success,48405,30,581
matrix,carried,P256-false,P256-false,,false,3,0,,,success,323597,195,3884
matrix,carried,P256-false,P256-false,,false,3,1,,,success,76397,46,917
matrix,carried,P256-false,P256-false,,false,3,2,,,success,76397,46,917
matrix,stored,P256-false,P256-false,,true,0,0,,,success,315018,190,3781
matrix,stored,P256-false,P256-false,,true,0,1,,,success,46318,28,556
matrix,stored,P256-false,P256-false,,true,0,2,,,success,46318,28,556
matrix,carried,P256-false,P256-false,,true,0,0,,,success,60746,37,729
matrix,carried,P256-false,P256-false,,true,0,1,,,success,60746,37,729
matrix,carried,P256-false,P256-false,,true,0,2,,,success,60746,37,729
matrix,stored,P256-false,P256-false,,true,1,0,,,success,817705,491,9813
matrix,stored,P256-false,P256-false,,true,1,1,,,success,55805,34,670
matrix,stored,P256-false,P256-false,,true,1,2,,,success,55805,34,670
matrix,carried,P256-false,P256-false,,true,1,0,,,success,318819,192,3826
matrix,carried,P256-false,P256-false,,true,1,1,,,success,69519,42,835
matrix,carried,P256-false,P256-false,,true,1,2,,,success,69519,42,835
matrix,stored,P256-false,P256-false,,true,2,0,,,success,817805,491,9814
matrix,stored,P256-false,P256-false,,true,2,1,,,success,55905,34,671
matrix,stored,P256-false,P256-false,,true,2,2,,,success,58705,36,705
matrix,carried,P256-false,P256-false,,true,2,0,,,success,321149,193,3854
matrix,carried,P256-false,P256-false,,true,2,1,,,success,71849,44,863
matrix,carried,P256-false,P256-false,,true,2,2,,,success,324049,195,3889
matrix,stored,P256-false,P256-false,,true,3,0,,,success,2831905,1700,33983
matrix,stored,P256-false,P256-false,,true,3,1,,,success,60005,37,721
matrix,stored,P256-false,P256-false,,true,3,2,,,success,60005,37,721
matrix,carried,P256-false,P256-false,,true,3,0,,,success,319843,192,3839
matrix,carried,P256-false,P256-false,,true,3,1,,,success,70543,43,847
matrix,carried,P256-false,P256-false,,true,3,2,,,success,70543,43,847
matrix,stored,P256-false,P256-true,,false,0,0,,,success,314226,189,3771
matrix,stored,P256-false,P256-true,,false,0,1,,,success,45526,28,547
matrix,stored,P256-false,P256-true,,false,0,2,,,success,45526,28,547
matrix,carried,P256-false,P256-true,,false,0,0,,,success,60042,37,721
matrix,carried,P256-false,P256-true,,false,0,1,,,success,60042,37,721
matrix,carried,P256-false,P256-true,,false,0,2,,,success,60042,37,721
matrix,stored,P256-false,P256-true,,false,1,0,,,success,816913,491,9803
matrix,stored,P256-false,P256-true,,false,1,1,,,success,48213,29,579
matrix,stored,P256-false,P256-true,,false,1,2,,,success,48213,29,579
matrix,carried,P256-false,P256-true,,false,1,0,,,success,326581,196,3919
matrix,carried,P256-false,P256-true,,false,1,1,,,success,79381,48,953
matrix,carried,P256-false,P256-true,,false,1,2,,,success,79381,48,953
matrix,stored,P256-false,P256-true,,false,2,0,,,success,817013,491,9805
matrix,stored,P256-false,P256-true,,false,2,1,,,success,48313,29,580
matrix,stored,P256-false,P256-true,,false,2,2,,,success,48313,29,580
matrix,carried,P256-false,P256-true,,false,2,0,,,success,329289,198,3952
matrix,carried,P256-false,P256-true,,false,2,1,,,success,82089,50,986
matrix,carried,P256-false,P256-true,,false,2,2,,,success,332189,200,3987
matrix,stored,P256-false,P256-true,,false,3,0,,,success,2831113,1699,33974
matrix,stored,P256-false,P256-true,,false,3,1,,,success,52413,32,629
matrix,stored,P256-false,P256-true,,false,3,2,,,success,52413,32,629
matrix,carried,P256-false,P256-true,,false,3,0,,,success,327593,197,3932
matrix,carried,P256-false,P256-true,,false,3,1,,,success,80393,49,965
matrix,carried,P256-false,P256-true,,false,3,2,,,success,80393,49,965
matrix,stored,P256-false,P256-true,,true,0,0,,,success,319026,192,3829
matrix,stored,P256-false,P256-true,,true,0,1,,,success,50326,31,604
matrix,stored,P256-false,P256-true,,true,0,2,,,success,50326,31,604
matrix,carried,P256-false,P256-true,,true,0,0,,,success,64742,39,777
matrix,carried,P256-false,P256-true,,true,0,1,,,success,64742,39,777
matrix,carried,P256-false,P256-true,,true,0,2,,,success,64742,39,777
matrix,stored,P256-false,P256-true,,true,1,0,,,success,821713,494,9861
matrix,stored,P256-false,P256-true,,true,1,1,,,success,59813,36,718
matrix,stored,P256-false,P256-true,,true,1,2,,,success,59813,36,718
matrix,carried,P256-false,P256-true,,true,1,0,,,success,322827,194,3874
matrix,carried,P256-false,P256-true,,true,1,1,,,success,73527,45,883
matrix,carried,P256-false,P256-true,,true,1,2,,,success,73527,45,883
matrix,stored,P256-false,P256-true,,true,2,0,,,success,821813,494,9862
matrix,stored,P256-false,P256-true,,true,2,1,,,success,59913,36,719
matrix,stored,P256-false,P256-true,,true,2,2,,,success,62713,38,753
matrix,carried,P256-false,P256-true,,true,2,0,,,success,325181,196,3903
matrix,carried,P256-false,P256-true,,true,2,1,,,success,75881,46,911
matrix,carried,P256-false,P256-true,,true,2,2,,,success,328081,197,3937
matrix,stored,P256-false,P256-true,,true,3,0,,,success,2835913,1702,34031
matrix,stored,P256-false,P256-true,,true,3,1,,,success,64013,39,769
matrix,stored,P256-false,P256-true,,true,3,2,,,success,64013,39,769
matrix,carried,P256-false,P256-true,,true,3,0,,,success,323839,195,3887
matrix,carried,P256-false,P256-true,,true,3,1,,,success,74539,45,895
matrix,carried,P256-false,P256-true,,true,3,2,,,success,74539,45,895
matrix,stored,P256-true,P256-false,,false,0,0,,,success,311626,187,3740
matrix,stored,P256-true,P256-false,,false,0,1,,,success,41518,25,499
matrix,stored,P256-true,P256-false,,false,0,2,,,success,41518,25,499
matrix,carried,P256-true,P256-false,,false,0,0,,,success,58178,35,699
matrix,carried,P256-true,P256-false,,false,0,1,,,success,58178,35,699
matrix,carried,P256-true,P256-false,,false,0,2,,,success,58178,35,699
matrix,stored,P256-true,P256-false,,false,1,0,,,success,814313,489,9772
matrix,stored,P256-true,P256-false,,false,1,1,,,success,44205,27,531
matrix,stored,P256-true,P256-false,,false,1,2,,,success,44205,27,531
matrix,carried,P256-true,P256-false,,false,1,0,,,success,324717,195,3897
matrix,carried,P256-true,P256-false,,false,1,1,,,success,77517,47,931
matrix,carried,P256-true,P256-false,,false,1,2,,,success,77517,47,931
matrix,stored,P256-true,P256-false,,false,2,0,,,success,814413,489,9773
matrix,stored,P256-true,P256-false,,false,2,1,,,success,44305,27,532
matrix,stored,P256-true,P256-false,,false,2,2,,,success,44305,27,532
matrix,carried,P256-true,P256-false,,false,2,0,,,success,327425,197,3930
matrix,carried,P256-true,P256-false,,false,2,1,,,success,80225,49,963
matrix,carried,P256-true,P256-false,,false,2,2,,,success,330325,199,3964
matrix,stored,P256-true,P256-false,,false,3,0,,,success,2828513,1698,33943
matrix,stored,P256-true,P256-false,,false,3,1,,,success,48405,30,581
matrix,stored,P256-true,P256-false,,false,3,2,,,success,48405,30,581
matrix,carried,P256-true,P256-false,,false,3,0,,,success,325741,196,3909
matrix,carried,P256-true,P256-false,,false,3,1,,,success,78541,48,943
matrix,carried,P256-true,P256-false,,false,3,2,,,success,78541,48,943
matrix,stored,P256-true,P256-false,,true,0,0,,,success,316426,190,3798
matrix,stored,P256-true,P256-false,,true,0,1,,,success,46318,28,556
matrix,stored,P256-true,P256-false,,true,0,2,,,success,46318,28,556
matrix,carried,P256-true,P256-false,,true,0,0,,,success,62878,38,755
matrix,carried,P256-true,P256-false,,true,0,1,,,success,62878,38,755
matrix,carried,P256-true,P256-false,,true,0,2,,,success,62878,38,755
matrix,stored,P256-true,P256-false,,true,1,0,,,success,819113,492,9830
matrix,stored,P256-true,P256-false,,true,1,1,,,success,55805,34,670
matrix,stored,P256-true,P256-false,,true,1,2,,,success,55805,34,670
matrix,carried,P256-true,P256-false,,true,1,0,,,success,320963,193,3852
matrix,carried,P256-true,P256-false,,true,1,1,,,success,71663,43,860
matrix,carried,P256-true,P256-false,,true,1,2,,,success,71663,43,860
matrix,stored,P256-true,P256-false,,true,2,0,,,success,819213,492,9831
matrix,stored,P256-true,P256-false,,true,2,1,,,success,55905,34,671
matrix,stored,P256-true,P256-false,,true,2,2,,,success,58705,36,705
matrix,carried,P256-true,P256-false,,true,2,0,,,success,323317,194,3880
matrix,carried,P256-true,P256-false,,true,2,1,,,success,74017,45,889
matrix,carried,P256-true,P256-false,,true,2,2,,,success,326217,196,3915
matrix,stored,P256-true,P256-false,,true,3,0,,,success,2833313,1700,34000
matrix,stored,P256-true,P256-false,,true,3,1,,,success,60005,37,721
matrix,stored,P256-true,P256-false,,true,3,2,,,success,60005,37,721
matrix,carried,P256-true,P256-false,,true,3,0,,,success,321987,194,3864
matrix,carried,P256-true,P256-false,,true,3,1,,,success,72687,44,873
matrix,carried,P256-true,P256-false,,true,3,2,,,success,72687,44,873
matrix,stored,P256-true,P256-true,,false,0,0,,,success,315634,190,3788
matrix,stored,P256-true,P256-true,,false,0,1,,,success,45526,28,547
matrix,stored,P256-true,P256-true,,false,0,2,,,success,45526,28,547
matrix,carried,P256-true,P256-true,,false,0,0,,,success,62198,38,747
matrix,carried,P256-true,P256-true,,false,0,1,,,success,62198,38,747
matrix,carried,P256-true,P256-true,,false,0,2,,,success,62198,38,747
matrix,stored,P256-true,P256-true,,false,1,0,,,success,818321,491,9820
matrix,stored,P256-true,P256-true,,false,1,1,,,success,48213,29,579
matrix,stored,P256-true,P256-true,,false,1,2,,,success,48213,29,579
matrix,carried,P256-true,P256-true,,false,1,0,,,success,328725,198,3945
matrix,carried,P256-true,P256-true,,false,1,1,,,success,81525,49,979
matrix,carried,P256-true,P256-true,,false,1,2,,,success,81525,49,979
matrix,stored,P256-true,P256-true,,false,2,0,,,success,818421,492,9822
matrix,stored,P256-true,P256-true,,false,2,1,,,success,48313,29,580
matrix,stored,P256-true,P256-true,,false,2,2,,,success,48313,29,580
matrix,carried,P256-true,P256-true,,false,2,0,,,success,331433,199,3978
matrix,carried,P256-true,P256-true,,false,2,1,,,success,84233,51,1011
matrix,carried,P256-true,P256-true,,false,2,2,,,success,334333,201,4012
matrix,stored,P256-true,P256-true,,false,3,0,,,success,2832521,1700,33991
matrix,stored,P256-true,P256-true,,false,3,1,,,success,52413,32,629
matrix,stored,P256-true,P256-true,,false,3,2,,,success,52413,32,629
matrix,carried,P256-true,P256-true,,false,3,0,,,success,329737,198,3957
matrix,carried,P256-true,P256-true,,false,3,1,,,success,82537,50,991
matrix,carried,P256-true,P256-true,,false,3,2,,,success,82537,50,991
matrix,stored,P256-true,P256-true,,true,0,0,,,success,320434,193,3846
matrix,stored,P256-true,P256-true,,true,0,1,,,success,50326,31,604
matrix,stored,P256-true,P256-true,,true,0,2,,,success,50326,31,604
matrix,carried,P256-true,P256-true,,true,0,0,,,success,66898,41,803
matrix,carried,P256-true,P256-true,,true,0,1,,,success,66898,41,803
matrix,carried,P256-true,P256-true,,true,0,2,,,success,66898,41,803
matrix,stored,P256-true,P256-true,,true,1,0,,,success,823121,494,9878
matrix,stored,P256-true,P256-true,,true,1,1,,,success,59813,36,718
matrix,stored,P256-true,P256-true,,true,1,2,,,success,59813,36,718
matrix,carried,P256-true,P256-true,,true,1,0,,,success,324971,195,3900
matrix,carried,P256-true,P256-true,,true,1,1,,,success,75671,46,909
matrix,carried,P256-true,P256-true,,true,1,2,,,success,75671,46,909
matrix,stored,P256-true,P256-true,,true,2,0,,,success,823221,494,9879
matrix,stored,P256-true,P256-true,,true,2,1,,,success,59913,36,719
matrix,stored,P256-true,P256-true,,true,2,2,,,success,62713,38,753
matrix,carried,P256-true,P256-true,,true,2,0,,,success,327325,197,3928
matrix,carried,P256-true,P256-true,,true,2,1,,,success,78025,47,937
matrix,carried,P256-true,P256-true,,true,2,2,,,success,330225,199,3963
matrix,stored,P256-true,P256-true,,true,3,0,,,success,2837321,1703,34048
matrix,stored,P256-true,P256-true,,true,3,1,,,success,64013,39,769
matrix,stored,P256-true,P256-true,,true,3,2,,,success,64013,39,769
matrix,carried,P256-true,P256-true,,true,3,0,,,success,325983,196,3912
matrix,carried,P256-true,P256-true,,true,3,1,,,success,76683,47,921
matrix,carried,P256-true,P256-true,,true,3,2,,,success,76683,47,921
matrix,stored,P256-false,WebAuthn-false,,false,0,0,,,success,312234,188,3747
matrix,stored,P256-false,WebAuthn-false,,false,0,1,,,success,43534,27,523
matrix,stored,P256-false,WebAuthn-false,,false,0,2,,,success,43534,27,523
matrix,carried,P256-false,WebAuthn-false,,false,0,0,,,success,58050,35,697
matrix,carried,P256-false,WebAuthn-false,,false,0,1,,,success,58050,35,697
matrix,carried,P256-false,WebAuthn-false,,false,0,2,,,success,58050,35,697
matrix,stored,P256-false,WebAuthn-false,,false,1,0,,,success,814921,489,9780
matrix,stored,P256-false,WebAuthn-false,,false,1,1,,,success,46221,28,555
matrix,stored,P256-false,WebAuthn-false,,false,1,2,,,success,46221,28,555
matrix,carried,P256-false,WebAuthn-false,,false,1,0,,,success,324589,195,3896
matrix,carried,P256-false,WebAuthn-false,,false,1,1,,,success,77389,47,929
matrix,carried,P256-false,WebAuthn-false,,false,1,2,,,success,77389,47,929
matrix,stored,P256-false,WebAuthn-false,,false,2,0,,,success,815021,490,9781
matrix,stored,P256-false,WebAuthn-false,,false,2,1,,,success,46321,28,556
matrix,stored,P256-false,WebAuthn-false,,false,2,2,,,success,46321,28,556
matrix,carried,P256-false,WebAuthn-false,,false,2,0,,,success,327297,197,3928
matrix,carried,P256-false,WebAuthn-false,,false,2,1,,,success,80097,49,962
matrix,carried,P256-false,WebAuthn-false,,false,2,2,,,success,330197,199,3963
matrix,stored,P256-false,WebAuthn-false,,false,3,0,,,success,2829121,1698,33950
matrix,stored,P256-false,WebAuthn-false,,false,3,1,,,success,50421,31,606
matrix,stored,P256-false,WebAuthn-false,,false,3,2,,,success,50421,31,606
matrix,carried,P256-false,WebAuthn-false,,false,3,0,,,success,325613,196,3908
matrix,carried,P256-false,WebAuthn-false,,false,3,1,,,success,78413,48,941
matrix,carried,P256-false,WebAuthn-false,,false,3,2,,,success,78413,48,941
matrix,stored,P256-false,WebAuthn-false,,true,0,0,,,success,317034,191,3805
matrix,stored,P256-false,WebAuthn-false,,true,0,1,,,success,48334,30,581
matrix,stored,P256-false,WebAuthn-false,,true,0,2,,,success,48334,30,581
matrix,carried,P256-false,WebAuthn-false,,true,0,0,,,success,62750,38,753
matrix,carried,P256-false,WebAuthn-false,,true,0,1,,,success,62750,38,753
matrix,carried,P256-false,WebAuthn-false,,true,0,2,,,success,62750,38,753
matrix,stored,P256-false,WebAuthn-false,,true,1,0,,,success,819721,492,9837
matrix,stored,P256-false,WebAuthn-false,,true,1,1,,,success,57821,35,694
matrix,stored,P256-false,WebAuthn-false,,true,1,2,,,success,57821,35,694
matrix,carried,P256-false,WebAuthn-false,,true,1,0,,,success,320835,193,3851
matrix,carried,P256-false,WebAuthn-false,,true,1,1,,,success,71535,43,859
matrix,carried,P256-false,WebAuthn-false,,true,1,2,,,success,71535,43,859
matrix,stored,P256-false,WebAuthn-false,,true,2,0,,,success,819821,492,9838
matrix,stored,P256-false,WebAuthn-false,,true,2,1,,,success,57921,35,696
matrix,stored,P256-false,WebAuthn-false,,true,2,2,,,success,60721,37,729
matrix,carried,P256-false,WebAuthn-false,,true,2,0,,,success,323189,194,3879
matrix,carried,P256-false,WebAuthn-false,,true,2,1,,,success,73889,45,887
matrix,carried,P256-false,WebAuthn-false,,true,2,2,,,success,326089,196,3914
matrix,stored,P256-false,WebAuthn-false,,true,3,0,,,success,2833921,1701,34008
matrix,stored,P256-false,WebAuthn-false,,true,3,1,,,success,62021,38,745
matrix,stored,P256-false,WebAuthn-false,,true,3,2,,,success,62021,38,745
matrix,carried,P256-false,WebAuthn-false,,true,3,0,,,success,321859,194,3863
matrix,carried,P256-false,WebAuthn-false,,true,3,1,,,success,72559,44,871
matrix,carried,P256-false,WebAuthn-false,,true,3,2,,,success,72559,44,871
matrix,stored,P256-false,WebAuthn-true,,false,0,0,,,success,316242,190,3795
matrix,stored,P256-false,WebAuthn-true,,false,0,1,,,success,47542,29,571
matrix,stored,P256-false,WebAuthn-true,,false,0,2,,,success,47542,29,571
matrix,carried,P256-false,WebAuthn-true,,false,0,0,,,success,62058,38,745
matrix,carried,P256-false,WebAuthn-true,,false,0,1,,,success,62058,38,745
matrix,carried,P256-false,WebAuthn-true,,false,0,2,,,success,62058,38,745
matrix,stored,P256-false,WebAuthn-true,,false,1,0,,,success,818929,492,9828
matrix,stored,P256-false,WebAuthn-true,,false,1,1,,,success,50229,31,603
matrix,stored,P256-false,WebAuthn-true,,false,1,2,,,success,50229,31,603
matrix,carried,P256-false,WebAuthn-true,,false,1,0,,,success,328597,198,3944
matrix,carried,P256-false,WebAuthn-true,,false,1,1,,,success,81397,49,977
matrix,carried,P256-false,WebAuthn-true,,false,1,2,,,success,81397,49,977
matrix,stored,P256-false,WebAuthn-true,,false,2,0,,,success,819029,492,9829
matrix,stored,P256-false,WebAuthn-true,,false,2,1,,,success,50329,31,604
matrix,stored,P256-false,WebAuthn-true,,false,2,2,,,success,50329,31,604
matrix,carried,P256-false,WebAuthn-true,,false,2,0,,,success,331305,199,3976
matrix,carried,P256-false,WebAuthn-true,,false,2,1,,,success,84105,51,1010
matrix,carried,P256-false,WebAuthn-true,,false,2,2,,,success,334205,201,4011
matrix,stored,P256-false,WebAuthn-true,,false,3,0,,,success,2833129,1700,33998
matrix,stored,P256-false,WebAuthn-true,,false,3,1,,,success,54429,33,654
matrix,stored,P256-false,WebAuthn-true,,false,3,2,,,success,54429,33,654
matrix,carried,P256-false,WebAuthn-true,,false,3,0,,,success,329609,198,3956
matrix,carried,P256-false,WebAuthn-true,,false,3,1,,,success,82409,50,989
matrix,carried,P256-false,WebAuthn-true,,false,3,2,,,success,82409,50,989
matrix,stored,P256-false,WebAuthn-true,,true,0,0,,,success,321042,193,3853
matrix,stored,P256-false,WebAuthn-true,,true,0,1,,,success,52342,32,629
matrix,stored,P256-false,WebAuthn-true,,true,0,2,,,success,52342,32,629
matrix,carried,P256-false,WebAuthn-true,,true,0,0,,,success,66758,41,802
matrix,carried,P256-false,WebAuthn-true,,true,0,1,,,success,66758,41,802
matrix,carried,P256-false,WebAuthn-true,,true,0,2,,,success,66758,41,802
matrix,stored,P256-false,WebAuthn-true,,true,1,0,,,success,823729,495,9885
matrix,stored,P256-false,WebAuthn-true,,true,1,1,,,success,61829,38,742
matrix,stored,P256-false,WebAuthn-true,,true,1,2,,,success,61829,38,742
matrix,carried,P256-false,WebAuthn-true,,true,1,0,,,success,324843,195,3899
matrix,carried,P256-false,WebAuthn-true,,true,1,1,,,success,75543,46,907
matrix,carried,P256-false,WebAuthn-true,,true,1,2,,,success,75543,46,907
matrix,stored,P256-false,WebAuthn-true,,true,2,0,,,success,823829,495,9886
matrix,stored,P256-false,WebAuthn-true,,true,2,1,,,success,61929,38,744
matrix,stored,P256-false,WebAuthn-true,,true,2,2,,,success,64729,39,777
matrix,carried,P256-false,WebAuthn-true,,true,2,0,,,success,327197,197,3927
matrix,carried,P256-false,WebAuthn-true,,true,2,1,,,success,77897,47,935
matrix,carried,P256-false,WebAuthn-true,,true,2,2,,,success,330097,199,3962
matrix,stored,P256-false,WebAuthn-true,,true,3,0,,,success,2837929,1703,34056
matrix,stored,P256-false,WebAuthn-true,,true,3,1,,,success,66029,40,793
matrix,stored,P256-false,WebAuthn-true,,true,3,2,,,success,66029,40,793
matrix,carried,P256-false,WebAuthn-true,,true,3,0,,,success,325855,196,3911
matrix,carried,P256-false,WebAuthn-true,,true,3,1,,,success,76555,46,919
matrix,carried,P256-false,WebAuthn-true,,true,3,2,,,success,76555,46,919
matrix,stored,P256-true,WebAuthn-false,,false,0,0,,,success,313642,189,3764
matrix,stored,P256-true,WebAuthn-false,,false,0,1,,,success,43534,27,523
matrix,stored,P256-true,WebAuthn-false,,false,0,2,,,success,43534,27,523
matrix,carried,P256-true,WebAuthn-false,,false,0,0,,,success,60206,37,723
matrix,carried,P256-true,WebAuthn-false,,false,0,1,,,success,60206,37,723
matrix,carried,P256-true,WebAuthn-false,,false,0,2,,,success,60206,37,723
matrix,stored,P256-true,WebAuthn-false,,false,1,0,,,success,816329,490,9796
matrix,stored,P256-true,WebAuthn-false,,false,1,1,,,success,46221,28,555
matrix,stored,P256-true,WebAuthn-false,,false,1,2,,,success,46221,28,555
matrix,carried,P256-true,WebAuthn-false,,false,1,0,,,success,326733,197,3921
matrix,carried,P256-true,WebAuthn-false,,false,1,1,,,success,79533,48,955
matrix,carried,P256-true,WebAuthn-false,,false,1,2,,,success,79533,48,955
matrix,stored,P256-true,WebAuthn-false,,false,2,0,,,success,816429,490,9798
matrix,stored,P256-true,WebAuthn-false,,false,2,1,,,success,46321,28,556
matrix,stored,P256-true,WebAuthn-false,,false,2,2,,,success,46321,28,556
matrix,carried,P256-true,WebAuthn-false,,false,2,0,,,success,329429,198,3954
matrix,carried,P256-true,WebAuthn-false,,false,2,1,,,success,82229,50,987
matrix,carried,P256-true,WebAuthn-false,,false,2,2,,,success,332329,200,3988
matrix,stored,P256-true,WebAuthn-false,,false,3,0,,,success,2830529,1699,33967
matrix,stored,P256-true,WebAuthn-false,,false,3,1,,,success,50421,31,606
matrix,stored,P256-true,WebAuthn-false,,false,3,2,,,success,50421,31,606
matrix,carried,P256-true,WebAuthn-false,,false,3,0,,,success,327757,197,3934
matrix,carried,P256-true,WebAuthn-false,,false,3,1,,,success,80557,49,967
matrix,carried,P256-true,WebAuthn-false,,false,3,2,,,success,80557,49,967
matrix,stored,P256-true,WebAuthn-false,,true,0,0,,,success,318442,192,3822
matrix,stored,P256-true,WebAuthn-false,,true,0,1,,,success,48334,30,581
matrix,stored,P256-true,WebAuthn-false,,true,0,2,,,success,48334,30,581
matrix,carried,P256-true,WebAuthn-false,,true,0,0,,,success,64906,39,779
matrix,carried,P256-true,WebAuthn-false,,true,0,1,,,success,64906,39,779
matrix,carried,P256-true,WebAuthn-false,,true,0,2,,,success,64906,39,779
matrix,stored,P256-true,WebAuthn-false,,true,1,0,,,success,821129,493,9854
matrix,stored,P256-true,WebAuthn-false,,true,1,1,,,success,57821,35,694
matrix,stored,P256-true,WebAuthn-false,,true,1,2,,,success,57821,35,694
matrix,carried,P256-true,WebAuthn-false,,true,1,0,,,success,322979,194,3876
matrix,carried,P256-true,WebAuthn-false,,true,1,1,,,success,73679,45,885
matrix,carried,P256-true,WebAuthn-false,,true,1,2,,,success,73679,45,885
matrix,stored,P256-true,WebAuthn-false,,true,2,0,,,success,821229,493,9855
matrix,stored,P256-true,WebAuthn-false,,true,2,1,,,success,57921,35,696
matrix,stored,P256-true,WebAuthn-false,,true,2,2,,,success,60721,37,729
matrix,carried,P256-true,WebAuthn-false,,true,2,0,,,success,325321,196,3904
matrix,carried,P256-true,WebAuthn-false,,true,2,1,,,success,76021,46,913
matrix,carried,P256-true,WebAuthn-false,,true,2,2,,,success,328221,197,3939
matrix,stored,P256-true,WebAuthn-false,,true,3,0,,,success,2835329,1702,34024
matrix,stored,P256-true,WebAuthn-false,,true,3,1,,,success,62021,38,745
matrix,stored,P256-true,WebAuthn-false,,true,3,2,,,success,62021,38,745
matrix,carried,P256-true,WebAuthn-false,,true,3,0,,,success,324003,195,3889
matrix,carried,P256-true,WebAuthn-false,,true,3,1,,,success,74703,45,897
matrix,carried,P256-true,WebAuthn-false,,true,3,2,,,success,74703,45,897
matrix,stored,P256-true,WebAuthn-true,,false,0,0,,,success,317650,191,3812
matrix,stored,P256-true,WebAuthn-true,,false,0,1,,,success,47542,29,571
matrix,stored,P256-true,WebAuthn-true,,false,0,2,,,success,47542,29,571
matrix,carried,P256-true,WebAuthn-true,,false,0,0,,,success,64214,39,771
matrix,carried,P256-true,WebAuthn-true,,false,0,1,,,success,64214,39,771
matrix,carried,P256-true,WebAuthn-true,,false,0,2,,,success,64214,39,771
matrix,stored,P256-true,WebAuthn-true,,false,1,0,,,success,820337,493,9845
matrix,stored,P256-true,WebAuthn-true,,false,1,1,,,success,50229,31,603
matrix,stored,P256-true,WebAuthn-true,,false,1,2,,,success,50229,31,603
matrix,carried,P256-true,WebAuthn-true,,false,1,0,,,success,330741,199,3969
matrix,carried,P256-true,WebAuthn-true,,false,1,1,,,success,83541,51,1003
matrix,carried,P256-true,WebAuthn-true,,false,1,2,,,success,83541,51,1003
matrix,stored,P256-true,WebAuthn-true,,false,2,0,,,success,820437,493,9846
matrix,stored,P256-true,WebAuthn-true,,false,2,1,,,success,50329,31,604
matrix,stored,P256-true,WebAuthn-true,,false,2,2,,,success,50329,31,604
matrix,carried,P256-true,WebAuthn-true,,false,2,0,,,success,333449,201,4002
matrix,carried,P256-true,WebAuthn-true,,false,2,1,,,success,86249,52,1035
matrix,carried,P256-true,WebAuthn-true,,false,2,2,,,success,336349,202,4037
matrix,stored,P256-true,WebAuthn-true,,false,3,0,,,success,2834537,1701,34015
matrix,stored,P256-true,WebAuthn-true,,false,3,1,,,success,54429,33,654
matrix,stored,P256-true,WebAuthn-true,,false,3,2,,,success,54429,33,654
matrix,carried,P256-true,WebAuthn-true,,false,3,0,,,success,331753,200,3982
matrix,carried,P256-true,WebAuthn-true,,false,3,1,,,success,84553,51,1015
matrix,carried,P256-true,WebAuthn-true,,false,3,2,,,success,84553,51,1015
matrix,stored,P256-true,WebAuthn-true,,true,0,0,,,success,322450,194,3870
matrix,stored,P256-true,WebAuthn-true,,true,0,1,,,success,52342,32,629
matrix,stored,P256-true,WebAuthn-true,,true,0,2,,,success,52342,32,629
matrix,carried,P256-true,WebAuthn-true,,true,0,0,,,success,68914,42,827
matrix,carried,P256-true,WebAuthn-true,,true,0,1,,,success,68914,42,827
matrix,carried,P256-true,WebAuthn-true,,true,0,2,,,success,68914,42,827
matrix,stored,P256-true,WebAuthn-true,,true,1,0,,,success,825137,496,9902
matrix,stored,P256-true,WebAuthn-true,,true,1,1,,,success,61829,38,742
matrix,stored,P256-true,WebAuthn-true,,true,1,2,,,success,61829,38,742
matrix,carried,P256-true,WebAuthn-true,,true,1,0,,,success,326987,197,3924
matrix,carried,P256-true,WebAuthn-true,,true,1,1,,,success,77687,47,933
matrix,carried,P256-true,WebAuthn-true,,true,1,2,,,success,77687,47,933
matrix,stored,P256-true,WebAuthn-true,,true,2,0,,,success,825237,496,9903
matrix,stored,P256-true,WebAuthn-true,,true,2,1,,,success,61929,38,744
matrix,stored,P256-true,WebAuthn-true,,true,2,2,,,success,64729,39,777
matrix,carried,P256-true,WebAuthn-true,,true,2,0,,,success,329341,198,3953
matrix,carried,P256-true,WebAuthn-true,,true,2,1,,,success,80041,49,961
matrix,carried,P256-true,WebAuthn-true,,true,2,2,,,success,332241,200,3987
matrix,stored,P256-true,WebAuthn-true,,true,3,0,,,success,2839337,1704,34073
matrix,stored,P256-true,WebAuthn-true,,true,3,1,,,success,66029,40,793
matrix,stored,P256-true,WebAuthn-true,,true,3,2,,,success,66029,40,793
matrix,carried,P256-true,WebAuthn-true,,true,3,0,,,success,327999,197,3936
matrix,carried,P256-true,WebAuthn-true,,true,3,1,,,success,78699,48,945
matrix,carried,P256-true,WebAuthn-true,,true,3,2,,,success,78699,48,945
matrix,stored,WebAuthn-false,Secp-false,,false,0,0,,,success,307234,185,3687
matrix,stored,WebAuthn-false,Secp-false,,false,0,1,,,success,36518,22,439
matrix,stored,WebAuthn-false,Secp-false,,false,0,2,,,success,36518,22,439
matrix,carried,WebAuthn-false,Secp-false,,false,0,0,,,success,53504,33,643
matrix,carried,WebAuthn-false,Secp-false,,false,0,1,,,success,53504,33,643
matrix,carried,WebAuthn-false,Secp-false,,false,0,2,,,success,53504,33,643
matrix,stored,WebAuthn-false,Secp-false,,false,1,0,,,success,809921,486,9720
matrix,stored,WebAuthn-false,Secp-false,,false,1,1,,,success,39205,24,471
matrix,stored,WebAuthn-false,Secp-false,,false,1,2,,,success,39205,24,471
matrix,carried,WebAuthn-false,Secp-false,,false,1,0,,,success,320019,193,3841
matrix,carried,WebAuthn-false,Secp-false,,false,1,1,,,success,72819,44,874
matrix,carried,WebAuthn-false,Secp-false,,false,1,2,,,success,72819,44,874
matrix,stored,WebAuthn-false,Secp-false,,false,2,0,,,success,810021,487,9721
matrix,stored,WebAuthn-false,Secp-false,,false,2,1,,,success,39305,24,472
matrix,stored,WebAuthn-false,Secp-false,,false,2,2,,,success,39305,24,472
matrix,carried,WebAuthn-false,Secp-false,,false,2,0,,,success,322739,194,3873
matrix,carried,WebAuthn-false,Secp-false,,false,2,1,,,success,75539,46,907
matrix,carried,WebAuthn-false,Secp-false,,false,2,2,,,success,325639,196,3908
matrix,stored,WebAuthn-false,Secp-false,,false,3,0,,,success,2824121,1695,33890
matrix,stored,WebAuthn-false,Secp-false,,false,3,1,,,success,43405,27,521
matrix,stored,WebAuthn-false,Secp-false,,false,3,2,,,success,43405,27,521
matrix,carried,WebAuthn-false,Secp-false,,false,3,0,,,success,321055,193,3853
matrix,carried,WebAuthn-false,Secp-false,,false,3,1,,,success,73855,45,887
matrix,carried,WebAuthn-false,Secp-false,,false,3,2,,,success,73855,45,887
matrix,stored,WebAuthn-false,Secp-false,,true,0,0,,,success,312034,188,3745
matrix,stored,WebAuthn-false,Secp-false,,true,0,1,,,success,41318,25,496
matrix,stored,WebAuthn-false,Secp-false,,true,0,2,,,success,41318,25,496
matrix,carried,WebAuthn-false,Secp-false,,true,0,0,,,success,58204,35,699
matrix,carried,WebAuthn-false,Secp-false,,true,0,1,,,success,58204,35,699
matrix,carried,WebAuthn-false,Secp-false,,true,0,2,,,success,58204,35,699
matrix,stored,WebAuthn-false,Secp-false,,true,1,0,,,success,814721,489,9777
matrix,stored,WebAuthn-false,Secp-false,,true,1,1,,,success,50805,31,610
matrix,stored,WebAuthn-false,Secp-false,,true,1,2,,,success,50805,31,610
matrix,carried,WebAuthn-false,Secp-false,,true,1,0,,,success,316265,190,3796
matrix,carried,WebAuthn-false,Secp-false,,true,1,1,,,success,66965,41,804
matrix,carried,WebAuthn-false,Secp-false,,true,1,2,,,success,66965,41,804
matrix,stored,WebAuthn-false,Secp-false,,true,2,0,,,success,814821,489,9778
matrix,stored,WebAuthn-false,Secp-false,,true,2,1,,,success,50905,31,611
matrix,stored,WebAuthn-false,Secp-false,,true,2,2,,,success,53705,33,645
matrix,carried,WebAuthn-false,Secp-false,,true,2,0,,,success,318631,192,3824
matrix,carried,WebAuthn-false,Secp-false,,true,2,1,,,success,69331,42,832
matrix,carried,WebAuthn-false,Secp-false,,true,2,2,,,success,321531,193,3859
matrix,stored,WebAuthn-false,Secp-false,,true,3,0,,,success,2828921,1698,33948
matrix,stored,WebAuthn-false,Secp-false,,true,3,1,,,success,55005,34,661
matrix,stored,WebAuthn-false,Secp-false,,true,3,2,,,success,55005,34,661
matrix,carried,WebAuthn-false,Secp-false,,true,3,0,,,success,317301,191,3808
matrix,carried,WebAuthn-false,Secp-false,,true,3,1,,,success,68001,41,817
matrix,carried,WebAuthn-false,Secp-false,,true,3,2,,,success,68001,41,817
matrix,stored,WebAuthn-false,Secp-true,,false,0,0,,,success,311242,187,3735
matrix,stored,WebAuthn-false,Secp-true,,false,0,1,,,success,40526,25,487
matrix,stored,WebAuthn-false,Secp-true,,false,0,2,,,success,40526,25,487
matrix,carried,WebAuthn-false,Secp-true,,false,0,0,,,success,57512,35,691
matrix,carried,WebAuthn-false,Secp-true,,false,0,1,,,success,57512,35,691
matrix,carried,WebAuthn-false,Secp-true,,false,0,2,,,success,57512,35,691
matrix,stored,WebAuthn-false,Secp-true,,false,1,0,,,success,813929,489,9768
matrix,stored,WebAuthn-false,Secp-true,,false,1,1,,,success,43213,26,519
matrix,stored,WebAuthn-false,Secp-true,,false,1,2,,,success,43213,26,519
matrix,carried,WebAuthn-false,Secp-true,,false,1,0,,,success,324027,195,3889
matrix,carried,WebAuthn-false,Secp-true,,false,1,1,,,success,76827,47,922
matrix,carried,WebAuthn-false,Secp-true,,false,1,2,,,success,76827,47,922
matrix,stored,WebAuthn-false,Secp-true,,false,2,0,,,success,814029,489,9769
matrix,stored,WebAuthn-false,Secp-true,,false,2,1,,,success,43313,26,520
matrix,stored,WebAuthn-false,Secp-true,,false,2,2,,,success,43313,26,520
matrix,carried,WebAuthn-false,Secp-true,,false,2,0,,,success,326747,197,3921
matrix,carried,WebAuthn-false,Secp-true,,false,2,1,,,success,79547,48,955
matrix,carried,WebAuthn-false,Secp-true,,false,2,2,,,success,329647,198,3956
matrix,stored,WebAuthn-false,Secp-true,,false,3,0,,,success,2828129,1697,33938
matrix,stored,WebAuthn-false,Secp-true,,false,3,1,,,success,47413,29,569
matrix,stored,WebAuthn-false,Secp-true,,false,3,2,,,success,47413,29,569
matrix,carried,WebAuthn-false,Secp-true,,false,3,0,,,success,325063,196,3901
matrix,carried,WebAuthn-false,Secp-true,,false,3,1,,,success,77863,47,935
matrix,carried,WebAuthn-false,Secp-true,,false,3,2,,,success,77863,47,935
matrix,stored,WebAuthn-false,Secp-true,,true,0,0,,,success,316042,190,3793
matrix,stored,WebAuthn-false,Secp-true,,true,0,1,,,success,45326,28,544
matrix,stored,WebAuthn-false,Secp-true,,true,0,2,,,success,45326,28,544
matrix,carried,WebAuthn-false,Secp-true,,true,0,0,,,success,62212,38,747
matrix,carried,WebAuthn-false,Secp-true,,true,0,1,,,success,62212,38,747
matrix,carried,WebAuthn-false,Secp-true,,true,0,2,,,success,62212,38,747
matrix,stored,WebAuthn-false,Secp-true,,true,1,0,,,success,818729,492,9825
matrix,stored,WebAuthn-false,Secp-true,,true,1,1,,,success,54813,33,658
matrix,stored,WebAuthn-false,Secp-true,,true,1,2,,,success,54813,33,658
matrix,carried,WebAuthn-false,Secp-true,,true,1,0,,,success,320273,193,3844
matrix,carried,WebAuthn-false,Secp-true,,true,1,1,,,success,70973,43,852
matrix,carried,WebAuthn-false,Secp-true,,true,1,2,,,success,70973,43,852
matrix,stored,WebAuthn-false,Secp-true,,true,2,0,,,success,818829,492,9826
matrix,stored,WebAuthn-false,Secp-true,,true,2,1,,,success,54913,33,659
matrix,stored,WebAuthn-false,Secp-true,,true,2,2,,,success,57713,35,693
matrix,carried,WebAuthn-false,Secp-true,,true,2,0,,,success,322639,194,3872
matrix,carried,WebAuthn-false,Secp-true,,true,2,1,,,success,73339,45,881
matrix,carried,WebAuthn-false,Secp-true,,true,2,2,,,success,325539,196,3907
matrix,stored,WebAuthn-false,Secp-true,,true,3,0,,,success,2832929,1700,33996
matrix,stored,WebAuthn-false,Secp-true,,true,3,1,,,success,59013,36,709
matrix,stored,WebAuthn-false,Secp-true,,true,3,2,,,success,59013,36,709
matrix,carried,WebAuthn-false,Secp-true,,true,3,0,,,success,321309,193,3856
matrix,carried,WebAuthn-false,Secp-true,,true,3,1,,,success,72009,44,865
matrix,carried,WebAuthn-false,Secp-true,,true,3,2,,,success,72009,44,865
matrix,stored,WebAuthn-true,Secp-false,,false,0,0,,,success,308642,186,3704
matrix,stored,WebAuthn-true,Secp-false,,false,0,1,,,success,36518,22,439
matrix,stored,WebAuthn-true,Secp-false,,false,0,2,,,success,36518,22,439
matrix,carried,WebAuthn-true,Secp-false,,false,0,0,,,success,55696,34,669
matrix,carried,WebAuthn-true,Secp-false,,false,0,1,,,success,55696,34,669
matrix,carried,WebAuthn-true,Secp-false,,false,0,2,,,success,55696,34,669
matrix,stored,WebAuthn-true,Secp-false,,false,1,0,,,success,811329,487,9736
matrix,stored,WebAuthn-true,Secp-false,,false,1,1,,,success,39205,24,471
matrix,stored,WebAuthn-true,Secp-false,,false,1,2,,,success,39205,24,471
matrix,carried,WebAuthn-true,Secp-false,,false,1,0,,,success,322223,194,3867
matrix,carried,WebAuthn-true,Secp-false,,false,1,1,,,success,75023,46,901
matrix,carried,WebAuthn-true,Secp-false,,false,1,2,,,success,75023,46,901
matrix,stored,WebAuthn-true,Secp-false,,false,2,0,,,success,811429,487,9738
matrix,stored,WebAuthn-true,Secp-false,,false,2,1,,,success,39305,24,472
matrix,stored,WebAuthn-true,Secp-false,,false,2,2,,,success,39305,24,472
matrix,carried,WebAuthn-true,Secp-false,,false,2,0,,,success,324931,195,3900
matrix,carried,WebAuthn-true,Secp-false,,false,2,1,,,success,77731,47,933
matrix,carried,WebAuthn-true,Secp-false,,false,2,2,,,success,327831,197,3934
matrix,stored,WebAuthn-true,Secp-false,,false,3,0,,,success,2825529,1696,33907
matrix,stored,WebAuthn-true,Secp-false,,false,3,1,,,success,43405,27,521
matrix,stored,WebAuthn-true,Secp-false,,false,3,2,,,success,43405,27,521
matrix,carried,WebAuthn-true,Secp-false,,false,3,0,,,success,323247,194,3879
matrix,carried,WebAuthn-true,Secp-false,,false,3,1,,,success,76047,46,913
matrix,carried,WebAuthn-true,Secp-false,,false,3,2,,,success,76047,46,913
matrix,stored,WebAuthn-true,Secp-false,,true,0,0,,,success,313442,189,3762
matrix,stored,WebAuthn-true,Secp-false,,true,0,1,,,success,41318,25,496
matrix,stored,WebAuthn-true,Secp-false,,true,0,2,,,success,41318,25,496
matrix,carried,WebAuthn-true,Secp-false,,true,0,0,,,success,60396,37,725
matrix,carried,WebAuthn-true,Secp-false,,true,0,1,,,success,60396,37,725
matrix,carried,WebAuthn-true,Secp-false,,true,0,2,,,success,60396,37,725
matrix,stored,WebAuthn-true,Secp-false,,true,1,0,,,success,816129,490,9794
matrix,stored,WebAuthn-true,Secp-false,,true,1,1,,,success,50805,31,610
matrix,stored,WebAuthn-true,Secp-false,,true,1,2,,,success,50805,31,610
matrix,carried,WebAuthn-true,Secp-false,,true,1,0,,,success,318469,192,3822
matrix,carried,WebAuthn-true,Secp-false,,true,1,1,,,success,69169,42,831
matrix,carried,WebAuthn-true,Secp-false,,true,1,2,,,success,69169,42,831
matrix,stored,WebAuthn-true,Secp-false,,true,2,0,,,success,816229,490,9795
matrix,stored,WebAuthn-true,Secp-false,,true,2,1,,,success,50905,31,611
matrix,stored,WebAuthn-true,Secp-false,,true,2,2,,,success,53705,33,645
matrix,carried,WebAuthn-true,Secp-false,,true,2,0,,,success,320823,193,3850
matrix,carried,WebAuthn-true,Secp-false,,true,2,1,,,success,71523,43,859
matrix,carried,WebAuthn-true,Secp-false,,true,2,2,,,success,323723,195,3885
matrix,stored,WebAuthn-true,Secp-false,,true,3,0,,,success,2830329,1699,33964
matrix,stored,WebAuthn-true,Secp-false,,true,3,1,,,success,55005,34,661
matrix,stored,WebAuthn-true,Secp-false,,true,3,2,,,success,55005,34,661
matrix,carried,WebAuthn-true,Secp-false,,true,3,0,,,success,319493,192,3834
matrix,carried,WebAuthn-true,Secp-false,,true,3,1,,,success,70193,43,843
matrix,carried,WebAuthn-true,Secp-false,,true,3,2,,,success,70193,43,843
matrix,stored,WebAuthn-true,Secp-true,,false,0,0,,,success,312650,188,3752
matrix,stored,WebAuthn-true,Secp-true,,false,0,1,,,success,40526,25,487
matrix,stored,WebAuthn-true,Secp-true,,false,0,2,,,success,40526,25,487
matrix,carried,WebAuthn-true,Secp-true,,false,0,0,,,success,59704,36,717
matrix,carried,WebAuthn-true,Secp-true,,false,0,1,,,success,59704,36,717
matrix,carried,WebAuthn-true,Secp-true,,false,0,2,,,success,59704,36,717
matrix,stored,WebAuthn-true,Secp-true,,false,1,0,,,success,815337,490,9785
matrix,stored,WebAuthn-true,Secp-true,,false,1,1,,,success,43213,26,519
matrix,stored,WebAuthn-true,Secp-true,,false,1,2,,,success,43213,26,519
matrix,carried,WebAuthn-true,Secp-true,,false,1,0,,,success,326231,196,3915
matrix,carried,WebAuthn-true,Secp-true,,false,1,1,,,success,79031,48,949
matrix,carried,WebAuthn-true,Secp-true,,false,1,2,,,success,79031,48,949
matrix,stored,WebAuthn-true,Secp-true,,false,2,0,,,success,815437,490,9786
matrix,stored,WebAuthn-true,Secp-true,,false,2,1,,,success,43313,26,520
matrix,stored,WebAuthn-true,Secp-true,,false,2,2,,,success,43313,26,520
matrix,carried,WebAuthn-true,Secp-true,,false,2,0,,,success,328939,198,3948
matrix,carried,WebAuthn-true,Secp-true,,false,2,1,,,success,81739,50,981
matrix,carried,WebAuthn-true,Secp-true,,false,2,2,,,success,331839,200,3983
matrix,stored,WebAuthn-true,Secp-true,,false,3,0,,,success,2829537,1698,33955
matrix,stored,WebAuthn-true,Secp-true,,false,3,1,,,success,47413,29,569
matrix,stored,WebAuthn-true,Secp-true,,false,3,2,,,success,47413,29,569
matrix,carried,WebAuthn-true,Secp-true,,false,3,0,,,success,327255,197,3928
matrix,carried,WebAuthn-true,Secp-true,,false,3,1,,,success,80055,49,961
matrix,carried,WebAuthn-true,Secp-true,,false,3,2,,,success,80055,49,961
matrix,stored,WebAuthn-true,Secp-true,,true,0,0,,,success,317450,191,3810
matrix,stored,WebAuthn-true,Secp-true,,true,0,1,,,success,45326,28,544
matrix,stored,WebAuthn-true,Secp-true,,true,0,2,,,success,45326,28,544
matrix,carried,WebAuthn-true,Secp-true,,true,0,0,,,success,64404,39,773
matrix,carried,WebAuthn-true,Secp-true,,true,0,1,,,success,64404,39,773
matrix,carried,WebAuthn-true,Secp-true,,true,0,2,,,success,64404,39,773
matrix,stored,WebAuthn-true,Secp-true,,true,1,0,,,success,820137,493,9842
matrix,stored,WebAuthn-true,Secp-true,,true,1,1,,,success,54813,33,658
matrix,stored,WebAuthn-true,Secp-true,,true,1,2,,,success,54813,33,658
matrix,carried,WebAuthn-true,Secp-true,,true,1,0,,,success,322477,194,3870
matrix,carried,WebAuthn-true,Secp-true,,true,1,1,,,success,73177,44,879
matrix,carried,WebAuthn-true,Secp-true,,true,1,2,,,success,73177,44,879
matrix,stored,WebAuthn-true,Secp-true,,true,2,0,,,success,820237,493,9843
matrix,stored,WebAuthn-true,Secp-true,,true,2,1,,,success,54913,33,659
matrix,stored,WebAuthn-true,Secp-true,,true,2,2,,,success,57713,35,693
matrix,carried,WebAuthn-true,Secp-true,,true,2,0,,,success,324831,195,3898
matrix,carried,WebAuthn-true,Secp-true,,true,2,1,,,success,75531,46,907
matrix,carried,WebAuthn-true,Secp-true,,true,2,2,,,success,327731,197,3933
matrix,stored,WebAuthn-true,Secp-true,,true,3,0,,,success,2834337,1701,34013
matrix,stored,WebAuthn-true,Secp-true,,true,3,1,,,success,59013,36,709
matrix,stored,WebAuthn-true,Secp-true,,true,3,2,,,success,59013,36,709
matrix,carried,WebAuthn-true,Secp-true,,true,3,0,,,success,323501,195,3883
matrix,carried,WebAuthn-true,Secp-true,,true,3,1,,,success,74201,45,891
matrix,carried,WebAuthn-true,Secp-true,,true,3,2,,,success,74201,45,891
matrix,stored,WebAuthn-false,P256-false,,false,0,0,,,success,312234,188,3747
matrix,stored,WebAuthn-false,P256-false,,false,0,1,,,success,41518,25,499
matrix,stored,WebAuthn-false,P256-false,,false,0,2,,,success,41518,25,499
matrix,carried,WebAuthn-false,P256-false,,false,0,0,,,success,58504,36,703
matrix,carried,WebAuthn-false,P256-false,,false,0,1,,,success,58504,36,703
matrix,carried,WebAuthn-false,P256-false,,false,0,2,,,success,58504,36,703
matrix,stored,WebAuthn-false,P256-false,,false,1,0,,,success,814921,489,9780
matrix,stored,WebAuthn-false,P256-false,,false,1,1,,,success,44205,27,531
matrix,stored,WebAuthn-false,P256-false,,false,1,2,,,success,44205,27,531
matrix,carried,WebAuthn-false,P256-false,,false,1,0,,,success,325031,196,3901
matrix,carried,WebAuthn-false,P256-false,,false,1,1,,,success,77831,47,934
matrix,carried,WebAuthn-false,P256-false,,false,1,2,,,success,77831,47,934
matrix,stored,WebAuthn-false,P256-false,,false,2,0,,,success,815021,490,9781
matrix,stored,WebAuthn-false,P256-false,,false,2,1,,,success,44305,27,532
matrix,stored,WebAuthn-false,P256-false,,false,2,2,,,success,44305,27,532
matrix,carried,WebAuthn-false,P256-false,,false,2,0,,,success,327739,197,3933
matrix,carried,WebAuthn-false,P256-false,,false,2,1,,,success,80539,49,967
matrix,carried,WebAuthn-false,P256-false,,false,2,2,,,success,330639,199,3968
matrix,stored,WebAuthn-false,P256-false,,false,3,0,,,success,2829121,1698,33950
matrix,stored,WebAuthn-false,P256-false,,false,3,1,,,success,48405,30,581
matrix,stored,WebAuthn-false,P256-false,,false,3,2,,,success,48405,30,581
matrix,carried,WebAuthn-false,P256-false,,false,3,0,,,success,326055,196,3913
matrix,carried,WebAuthn-false,P256-false,,false,3,1,,,success,78855,48,947
matrix,carried,WebAuthn-false,P256-false,,false,3,2,,,success,78855,48,947
matrix,stored,WebAuthn-false,P256-false,,true,0,0,,,success,317034,191,3805
matrix,stored,WebAuthn-false,P256-false,,true,0,1,,,success,46318,28,556
matrix,stored,WebAuthn-false,P256-false,,true,0,2,,,success,46318,28,556
matrix,carried,WebAuthn-false,P256-false,,true,0,0,,,success,63204,38,759
matrix,carried,WebAuthn-false,P256-false,,true,0,1,,,success,63204,38,759
matrix,carried,WebAuthn-false,P256-false,,true,0,2,,,success,63204,38,759
matrix,stored,WebAuthn-false,P256-false,,true,1,0,,,success,819721,492,9837
matrix,stored,WebAuthn-false,P256-false,,true,1,1,,,success,55805,34,670
matrix,stored,WebAuthn-false,P256-false,,true,1,2,,,success,55805,34,670
matrix,carried,WebAuthn-false,P256-false,,true,1,0,,,success,321277,193,3856
matrix,carried,WebAuthn-false,P256-false,,true,1,1,,,success,71977,44,864
matrix,carried,WebAuthn-false,P256-false,,true,1,2,,,success,71977,44,864
matrix,stored,WebAuthn-false,P256-false,,true,2,0,,,success,819821,492,9838
matrix,stored,WebAuthn-false,P256-false,,true,2,1,,,success,55905,34,671
matrix,stored,WebAuthn-false,P256-false,,true,2,2,,,success,58705,36,705
matrix,carried,WebAuthn-false,P256-false,,true,2,0,,,success,323631,195,3884
matrix,carried,WebAuthn-false,P256-false,,true,2,1,,,success,74331,45,892
matrix,carried,WebAuthn-false,P256-false,,true,2,2,,,success,326531,196,3919
matrix,stored,WebAuthn-false,P256-false,,true,3,0,,,success,2833921,1701,34008
matrix,stored,WebAuthn-false,P256-false,,true,3,1,,,success,60005,37,721
matrix,stored,WebAuthn-false,P256-false,,true,3,2,,,success,60005,37,721
matrix,carried,WebAuthn-false,P256-false,,true,3,0,,,success,322301,194,3868
matrix,carried,WebAuthn-false,P256-false,,true,3,1,,,success,73001,44,877
matrix,carried,WebAuthn-false,P256-false,,true,3,2,,,success,73001,44,877
matrix,stored,WebAuthn-false,P256-true,,false,0,0,,,success,316242,190,3795
matrix,stored,WebAuthn-false,P256-true,,false,0,1,,,success,45526,28,547
matrix,stored,WebAuthn-false,P256-true,,false,0,2,,,success,45526,28,547
matrix,carried,WebAuthn-false,P256-true,,false,0,0,,,success,62512,38,751
matrix,carried,WebAuthn-false,P256-true,,false,0,1,,,success,62512,38,751
matrix,carried,WebAuthn-false,P256-true,,false,0,2,,,success,62512,38,751
matrix,stored,WebAuthn-false,P256-true,,false,1,0,,,success,818929,492,9828
matrix,stored,WebAuthn-false,P256-true,,false,1,1,,,success,48213,29,579
matrix,stored,WebAuthn-false,P256-true,,false,1,2,,,success,48213,29,579
matrix,carried,WebAuthn-false,P256-true,,false,1,0,,,success,329027,198,3949
matrix,carried,WebAuthn-false,P256-true,,false,1,1,,,success,81827,50,982
matrix,carried,WebAuthn-false,P256-true,,false,1,2,,,success,81827,50,982
matrix,stored,WebAuthn-false,P256-true,,false,2,0,,,success,819029,492,9829
matrix,stored,WebAuthn-false,P256-true,,false,2,1,,,success,48313,29,580
matrix,stored,WebAuthn-false,P256-true,,false,2,2,,,success,48313,29,580
matrix,carried,WebAuthn-false,P256-true,,false,2,0,,,success,331747,200,3981
matrix,carried,WebAuthn-false,P256-true,,false,2,1,,,success,84547,51,1015
matrix,carried,WebAuthn-false,P256-true,,false,2,2,,,success,334647,201,4016
matrix,stored,WebAuthn-false,P256-true,,false,3,0,,,success,2833129,1700,33998
matrix,stored,WebAuthn-false,P256-true,,false,3,1,,,success,52413,32,629
matrix,stored,WebAuthn-false,P256-true,,false,3,2,,,success,52413,32,629
matrix,carried,WebAuthn-false,P256-true,,false,3,0,,,success,330063,199,3961
matrix,carried,WebAuthn-false,P256-true,,false,3,1,,,success,82863,50,995
matrix,carried,WebAuthn-false,P256-true,,false,3,2,,,success,82863,50,995
matrix,stored,WebAuthn-false,P256-true,,true,0,0,,,success,321042,193,3853
matrix,stored,WebAuthn-false,P256-true,,true,0,1,,,success,50326,31,604
matrix,stored,WebAuthn-false,P256-true,,true,0,2,,,success,50326,31,604
matrix,carried,WebAuthn-false,P256-true,,true,0,0,,,success,67212,41,807
matrix,carried,WebAuthn-false,P256-true,,true,0,1,,,success,67212,41,807
matrix,carried,WebAuthn-false,P256-true,,true,0,2,,,success,67212,41,807
matrix,stored,WebAuthn-false,P256-true,,true,1,0,,,success,823729,495,9885
matrix,stored,WebAuthn-false,P256-true,,true,1,1,,,success,59813,36,718
matrix,stored,WebAuthn-false,P256-true,,true,1,2,,,success,59813,36,718
matrix,carried,WebAuthn-false,P256-true,,true,1,0,,,success,325273,196,3904
matrix,carried,WebAuthn-false,P256-true,,true,1,1,,,success,75973,46,912
matrix,carried,WebAuthn-false,P256-true,,true,1,2,,,success,75973,46,912
matrix,stored,WebAuthn-false,P256-true,,true,2,0,,,success,823829,495,9886
matrix,stored,WebAuthn-false,P256-true,,true,2,1,,,success,59913,36,719
matrix,stored,WebAuthn-false,P256-true,,true,2,2,,,success,62713,38,753
matrix,carried,WebAuthn-false,P256-true,,true,2,0,,,success,327639,197,3932
matrix,carried,WebAuthn-false,P256-true,,true,2,1,,,success,78339,48,941
matrix,carried,WebAuthn-false,P256-true,,true,2,2,,,success,330539,199,3967
matrix,stored,WebAuthn-false,P256-true,,true,3,0,,,success,2837929,1703,34056
matrix,stored,WebAuthn-false,P256-true,,true,3,1,,,success,64013,39,769
matrix,stored,WebAuthn-false,P256-true,,true,3,2,,,success,64013,39,769
matrix,carried,WebAuthn-false,P256-true,,true,3,0,,,success,326309,196,3916
matrix,carried,WebAuthn-false,P256-true,,true,3,1,,,success,77009,47,925
matrix,carried,WebAuthn-false,P256-true,,true,3,2,,,success,77009,47,925
matrix,stored,WebAuthn-true,P256-false,,false,0,0,,,success,313642,189,3764
matrix,stored,WebAuthn-true,P256-false,,false,0,1,,,success,41518,25,499
matrix,stored,WebAuthn-true,P256-false,,false,0,2,,,success,41518,25,499
matrix,carried,WebAuthn-true,P256-false,,false,0,0,,,success,60696,37,729
matrix,carried,WebAuthn-true,P256-false,,false,0,1,,,success,60696,37,729
matrix,carried,WebAuthn-true,P256-false,,false,0,2,,,success,60696,37,729
matrix,stored,WebAuthn-true,P256-false,,false,1,0,,,success,816329,490,9796
matrix,stored,WebAuthn-true,P256-false,,false,1,1,,,success,44205,27,531
matrix,stored,WebAuthn-true,P256-false,,false,1,2,,,success,44205,27,531
matrix,carried,WebAuthn-true,P256-false,,false,1,0,,,success,327223,197,3927
matrix,carried,WebAuthn-true,P256-false,,false,1,1,,,success,80023,49,961
matrix,carried,WebAuthn-true,P256-false,,false,1,2,,,success,80023,49,961
matrix,stored,WebAuthn-true,P256-false,,false,2,0,,,success,816429,490,9798
matrix,stored,WebAuthn-true,P256-false,,false,2,1,,,success,44305,27,532
matrix,stored,WebAuthn-true,P256-false,,false,2,2,,,success,44305,27,532
matrix,carried,WebAuthn-true,P256-false,,false,2,0,,,success,329931,198,3960
matrix,carried,WebAuthn-true,P256-false,,false,2,1,,,success,82731,50,993
matrix,carried,WebAuthn-true,P256-false,,false,2,2,,,success,332831,200,3994
matrix,stored,WebAuthn-true,P256-false,,false,3,0,,,success,2830529,1699,33967
matrix,stored,WebAuthn-true,P256-false,,false,3,1,,,success,48405,30,581
matrix,stored,WebAuthn-true,P256-false,,false,3,2,,,success,48405,30,581
matrix,carried,WebAuthn-true,P256-false,,false,3,0,,,success,328235,197,3939
matrix,carried,WebAuthn-true,P256-false,,false,3,1,,,success,81035,49,973
matrix,carried,WebAuthn-true,P256-false,,false,3,2,,,success,81035,49,973
matrix,stored,WebAuthn-true,P256-false,,true,0,0,,,success,318442,192,3822
matrix,stored,WebAuthn-true,P256-false,,true,0,1,,,success,46318,28,556
matrix,stored,WebAuthn-true,P256-false,,true,0,2,,,success,46318,28,556
matrix,carried,WebAuthn-true,P256-false,,true,0,0,,,success,65396,40,785
matrix,carried,WebAuthn-true,P256-false,,true,0,1,,,success,65396,40,785
matrix,carried,WebAuthn-true,P256-false,,true,0,2,,,success,65396,40,785
matrix,stored,WebAuthn-true,P256-false,,true,1,0,,,success,821129,493,9854
matrix,stored,WebAuthn-true,P256-false,,true,1,1,,,success,55805,34,670
matrix,stored,WebAuthn-true,P256-false,,true,1,2,,,success,55805,34,670
matrix,carried,WebAuthn-true,P256-false,,true,1,0,,,success,323469,195,3882
matrix,carried,WebAuthn-true,P256-false,,true,1,1,,,success,74169,45,891
matrix,carried,WebAuthn-true,P256-false,,true,1,2,,,success,74169,45,891
matrix,stored,WebAuthn-true,P256-false,,true,2,0,,,success,821229,493,9855
matrix,stored,WebAuthn-true,P256-false,,true,2,1,,,success,55905,34,671
matrix,stored,WebAuthn-true,P256-false,,true,2,2,,,success,58705,36,705
matrix,carried,WebAuthn-true,P256-false,,true,2,0,,,success,325823,196,3910
matrix,carried,WebAuthn-true,P256-false,,true,2,1,,,success,76523,46,919
matrix,carried,WebAuthn-true,P256-false,,true,2,2,,,success,328723,198,3945
matrix,stored,WebAuthn-true,P256-false,,true,3,0,,,success,2835329,1702,34024
matrix,stored,WebAuthn-true,P256-false,,true,3,1,,,success,60005,37,721
matrix,stored,WebAuthn-true,P256-false,,true,3,2,,,success,60005,37,721
matrix,carried,WebAuthn-true,P256-false,,true,3,0,,,success,324481,195,3894
matrix,carried,WebAuthn-true,P256-false,,true,3,1,,,success,75181,46,903
matrix,carried,WebAuthn-true,P256-false,,true,3,2,,,success,75181,46,903
matrix,stored,WebAuthn-true,P256-true,,false,0,0,,,success,317650,191,3812
matrix,stored,WebAuthn-true,P256-true,,false,0,1,,,success,45526,28,547
matrix,stored,WebAuthn-true,P256-true,,false,0,2,,,success,45526,28,547
matrix,carried,WebAuthn-true,P256-true,,false,0,0,,,success,64680,39,777
matrix,carried,WebAuthn-true,P256-true,,false,0,1,,,success,64680,39,777
matrix,carried,WebAuthn-true,P256-true,,false,0,2,,,success,64680,39,777
matrix,stored,WebAuthn-true,P256-true,,false,1,0,,,success,820337,493,9845
matrix,stored,WebAuthn-true,P256-true,,false,1,1,,,success,48213,29,579
matrix,stored,WebAuthn-true,P256-true,,false,1,2,,,success,48213,29,579
matrix,carried,WebAuthn-true,P256-true,,false,1,0,,,success,331231,199,3975
matrix,carried,WebAuthn-true,P256-true,,false,1,1,,,success,84031,51,1009
matrix,carried,WebAuthn-true,P256-true,,false,1,2,,,success,84031,51,1009
matrix,stored,WebAuthn-true,P256-true,,false,2,0,,,success,820437,493,9846
matrix,stored,WebAuthn-true,P256-true,,false,2,1,,,success,48313,29,580
matrix,stored,WebAuthn-true,P256-true,,false,2,2,,,success,48313,29,580
matrix,carried,WebAuthn-true,P256-true,,false,2,0,,,success,333939,201,4008
matrix,carried,WebAuthn-true,P256-true,,false,2,1,,,success,86739,53,1041
matrix,carried,WebAuthn-true,P256-true,,false,2,2,,,success,336839,203,4043
matrix,stored,WebAuthn-true,P256-true,,false,3,0,,,success,2834537,1701,34015
matrix,stored,WebAuthn-true,P256-true,,false,3,1,,,success,52413,32,629
matrix,stored,WebAuthn-true,P256-true,,false,3,2,,,success,52413,32,629
matrix,carried,WebAuthn-true,P256-true,,false,3,0,,,success,332255,200,3988
matrix,carried,WebAuthn-true,P256-true,,false,3,1,,,success,85055,52,1021
matrix,carried,WebAuthn-true,P256-true,,false,3,2,,,success,85055,52,1021
matrix,stored,WebAuthn-true,P256-true,,true,0,0,,,success,322450,194,3870
matrix,stored,WebAuthn-true,P256-true,,true,0,1,,,success,50326,31,604
matrix,stored,WebAuthn-true,P256-true,,true,0,2,,,success,50326,31,604
matrix,carried,WebAuthn-true,P256-true,,true,0,0,,,success,69380,42,833
matrix,carried,WebAuthn-true,P256-true,,true,0,1,,,success,69380,42,833
matrix,carried,WebAuthn-true,P256-true,,true,0,2,,,success,69380,42,833
matrix,stored,WebAuthn-true,P256-true,,true,1,0,,,success,825137,496,9902
matrix,stored,WebAuthn-true,P256-true,,true,1,1,,,success,59813,36,718
matrix,stored,WebAuthn-true,P256-true,,true,1,2,,,success,59813,36,718
matrix,carried,WebAuthn-true,P256-true,,true,1,0,,,success,327477,197,3930
matrix,carried,WebAuthn-true,P256-true,,true,1,1,,,success,78177,47,939
matrix,carried,WebAuthn-true,P256-true,,true,1,2,,,success,78177,47,939
matrix,stored,WebAuthn-true,P256-true,,true,2,0,,,success,825237,496,9903
matrix,stored,WebAuthn-true,P256-true,,true,2,1,,,success,59913,36,719
matrix,stored,WebAuthn-true,P256-true,,true,2,2,,,success,62713,38,753
matrix,carried,WebAuthn-true,P256-true,,true,2,0,,,success,329831,198,3958
matrix,carried,WebAuthn-true,P256-true,,true,2,1,,,success,80531,49,967
matrix,carried,WebAuthn-true,P256-true,,true,2,2,,,success,332731,200,3993
matrix,stored,WebAuthn-true,P256-true,,true,3,0,,,success,2839337,1704,34073
matrix,stored,WebAuthn-true,P256-true,,true,3,1,,,success,64013,39,769
matrix,stored,WebAuthn-true,P256-true,,true,3,2,,,success,64013,39,769
matrix,carried,WebAuthn-true,P256-true,,true,3,0,,,success,328501,198,3943
matrix,carried,WebAuthn-true,P256-true,,true,3,1,,,success,79201,48,951
matrix,carried,WebAuthn-true,P256-true,,true,3,2,,,success,79201,48,951
matrix,stored,WebAuthn-false,WebAuthn-false,,false,0,0,,,success,314250,189,3771
matrix,stored,WebAuthn-false,WebAuthn-false,,false,0,1,,,success,43534,27,523
matrix,stored,WebAuthn-false,WebAuthn-false,,false,0,2,,,success,43534,27,523
matrix,carried,WebAuthn-false,WebAuthn-false,,false,0,0,,,success,60520,37,727
matrix,carried,WebAuthn-false,WebAuthn-false,,false,0,1,,,success,60520,37,727
matrix,carried,WebAuthn-false,WebAuthn-false,,false,0,2,,,success,60520,37,727
matrix,stored,WebAuthn-false,WebAuthn-false,,false,1,0,,,success,816937,491,9804
matrix,stored,WebAuthn-false,WebAuthn-false,,false,1,1,,,success,46221,28,555
matrix,stored,WebAuthn-false,WebAuthn-false,,false,1,2,,,success,46221,28,555
matrix,carried,WebAuthn-false,WebAuthn-false,,false,1,0,,,success,327047,197,3925
matrix,carried,WebAuthn-false,WebAuthn-false,,false,1,1,,,success,79847,48,959
matrix,carried,WebAuthn-false,WebAuthn-false,,false,1,2,,,success,79847,48,959
matrix,stored,WebAuthn-false,WebAuthn-false,,false,2,0,,,success,817037,491,9805
matrix,stored,WebAuthn-false,WebAuthn-false,,false,2,1,,,success,46321,28,556
matrix,stored,WebAuthn-false,WebAuthn-false,,false,2,2,,,success,46321,28,556
matrix,carried,WebAuthn-false,WebAuthn-false,,false,2,0,,,success,329755,198,3958
matrix,carried,WebAuthn-false,WebAuthn-false,,false,2,1,,,success,82555,50,991
matrix,carried,WebAuthn-false,WebAuthn-false,,false,2,2,,,success,332655,200,3992
matrix,stored,WebAuthn-false,WebAuthn-false,,false,3,0,,,success,2831137,1699,33974
matrix,stored,WebAuthn-false,WebAuthn-false,,false,3,1,,,success,50421,31,606
matrix,stored,WebAuthn-false,WebAuthn-false,,false,3,2,,,success,50421,31,606
matrix,carried,WebAuthn-false,WebAuthn-false,,false,3,0,,,success,328059,197,3937
matrix,carried,WebAuthn-false,WebAuthn-false,,false,3,1,,,success,80859,49,971
matrix,carried,WebAuthn-false,WebAuthn-false,,false,3,2,,,success,80859,49,971
matrix,stored,WebAuthn-false,WebAuthn-false,,true,0,0,,,success,319050,192,3829
matrix,stored,WebAuthn-false,WebAuthn-false,,true,0,1,,,success,48334,30,581
matrix,stored,WebAuthn-false,WebAuthn-false,,true,0,2,,,success,48334,30,581
matrix,carried,WebAuthn-false,WebAuthn-false,,true,0,0,,,success,65220,40,783
matrix,carried,WebAuthn-false,WebAuthn-false,,true,0,1,,,success,65220,40,783
matrix,carried,WebAuthn-false,WebAuthn-false,,true,0,2,,,success,65220,40,783
matrix,stored,WebAuthn-false,WebAuthn-false,,true,1,0,,,success,821737,494,9861
matrix,stored,WebAuthn-false,WebAuthn-false,,true,1,1,,,success,57821,35,694
matrix,stored,WebAuthn-false,WebAuthn-false,,true,1,2,,,success,57821,35,694
matrix,carried,WebAuthn-false,WebAuthn-false,,true,1,0,,,success,323293,194,3880
matrix,carried,WebAuthn-false,WebAuthn-false,,true,1,1,,,success,73993,45,888
matrix,carried,WebAuthn-false,WebAuthn-false,,true,1,2,,,success,73993,45,888
matrix,stored,WebAuthn-false,WebAuthn-false,,true,2,0,,,success,821837,494,9863
matrix,stored,WebAuthn-false,WebAuthn-false,,true,2,1,,,success,57921,35,696
matrix,stored,WebAuthn-false,WebAuthn-false,,true,2,2,,,success,60721,37,729
matrix,carried,WebAuthn-false,WebAuthn-false,,true,2,0,,,success,325647,196,3908
matrix,carried,WebAuthn-false,WebAuthn-false,,true,2,1,,,success,76347,46,917
matrix,carried,WebAuthn-false,WebAuthn-false,,true,2,2,,,success,328547,198,3943
matrix,stored,WebAuthn-false,WebAuthn-false,,true,3,0,,,success,2835937,1702,34032
matrix,stored,WebAuthn-false,WebAuthn-false,,true,3,1,,,success,62021,38,745
matrix,stored,WebAuthn-false,WebAuthn-false,,true,3,2,,,success,62021,38,745
matrix,carried,WebAuthn-false,WebAuthn-false,,true,3,0,,,success,324305,195,3892
matrix,carried,WebAuthn-false,WebAuthn-false,,true,3,1,,,success,75005,46,901
matrix,carried,WebAuthn-false,WebAuthn-false,,true,3,2,,,success,75005,46,901
matrix,stored,WebAuthn-false,WebAuthn-true,,false,0,0,,,success,318258,191,3820
matrix,stored,WebAuthn-false,WebAuthn-true,,false,0,1,,,success,47542,29,571
matrix,stored,WebAuthn-false,WebAuthn-true,,false,0,2,,,success,47542,29,571
matrix,carried,WebAuthn-false,WebAuthn-true,,false,0,0,,,success,64528,39,775
matrix,carried,WebAuthn-false,WebAuthn-true,,false,0,1,,,success,64528,39,775
matrix,carried,WebAuthn-false,WebAuthn-true,,false,0,2,,,success,64528,39,775
matrix,stored,WebAuthn-false,WebAuthn-true,,false,1,0,,,success,820945,493,9852
matrix,stored,WebAuthn-false,WebAuthn-true,,false,1,1,,,success,50229,31,603
matrix,stored,WebAuthn-false,WebAuthn-true,,false,1,2,,,success,50229,31,603
matrix,carried,WebAuthn-false,WebAuthn-true,,false,1,0,,,success,331043,199,3973
matrix,carried,WebAuthn-false,WebAuthn-true,,false,1,1,,,success,83843,51,1007
matrix,carried,WebAuthn-false,WebAuthn-true,,false,1,2,,,success,83843,51,1007
matrix,stored,WebAuthn-false,WebAuthn-true,,false,2,0,,,success,821045,493,9853
matrix,stored,WebAuthn-false,WebAuthn-true,,false,2,1,,,success,50329,31,604
matrix,stored,WebAuthn-false,WebAuthn-true,,false,2,2,,,success,50329,31,604
matrix,carried,WebAuthn-false,WebAuthn-true,,false,2,0,,,success,333763,201,4006
matrix,carried,WebAuthn-false,WebAuthn-true,,false,2,1,,,success,86563,52,1039
matrix,carried,WebAuthn-false,WebAuthn-true,,false,2,2,,,success,336663,202,4040
matrix,stored,WebAuthn-false,WebAuthn-true,,false,3,0,,,success,2835145,1702,34022
matrix,stored,WebAuthn-false,WebAuthn-true,,false,3,1,,,success,54429,33,654
matrix,stored,WebAuthn-false,WebAuthn-true,,false,3,2,,,success,54429,33,654
matrix,carried,WebAuthn-false,WebAuthn-true,,false,3,0,,,success,332079,200,3985
matrix,carried,WebAuthn-false,WebAuthn-true,,false,3,1,,,success,84879,51,1019
matrix,carried,WebAuthn-false,WebAuthn-true,,false,3,2,,,success,84879,51,1019
matrix,stored,WebAuthn-false,WebAuthn-true,,true,0,0,,,success,323058,194,3877
matrix,stored,WebAuthn-false,WebAuthn-true,,true,0,1,,,success,52342,32,629
matrix,stored,WebAuthn-false,WebAuthn-true,,true,0,2,,,success,52342,32,629
matrix,carried,WebAuthn-false,WebAuthn-true,,true,0,0,,,success,69228,42,831
matrix,carried,WebAuthn-false,WebAuthn-true,,true,0,1,,,success,69228,42,831
matrix,carried,WebAuthn-false,WebAuthn-true,,true,0,2,,,success,69228,42,831
matrix,stored,WebAuthn-false,WebAuthn-true,,true,1,0,,,success,825745,496,9909
matrix,stored,WebAuthn-false,WebAuthn-true,,true,1,1,,,success,61829,38,742
matrix,stored,WebAuthn-false,WebAuthn-true,,true,1,2,,,success,61829,38,742
matrix,carried,WebAuthn-false,WebAuthn-true,,true,1,0,,,success,327289,197,3928
matrix,carried,WebAuthn-false,WebAuthn-true,,true,1,1,,,success,77989,47,936
matrix,carried,WebAuthn-false,WebAuthn-true,,true,1,2,,,success,77989,47,936
matrix,stored,WebAuthn-false,WebAuthn-true,,true,2,0,,,success,825845,496,9911
matrix,stored,WebAuthn-false,WebAuthn-true,,true,2,1,,,success,61929,38,744
matrix,stored,WebAuthn-false,WebAuthn-true,,true,2,2,,,success,64729,39,777
matrix,carried,WebAuthn-false,WebAuthn-true,,true,2,0,,,success,329655,198,3956
matrix,carried,WebAuthn-false,WebAuthn-true,,true,2,1,,,success,80355,49,965
matrix,carried,WebAuthn-false,WebAuthn-true,,true,2,2,,,success,332555,200,3991
matrix,stored,WebAuthn-false,WebAuthn-true,,true,3,0,,,success,2839945,1704,34080
matrix,stored,WebAuthn-false,WebAuthn-true,,true,3,1,,,success,66029,40,793
matrix,stored,WebAuthn-false,WebAuthn-true,,true,3,2,,,success,66029,40,793
matrix,carried,WebAuthn-false,WebAuthn-true,,true,3,0,,,success,328325,197,3940
matrix,carried,WebAuthn-false,WebAuthn-true,,true,3,1,,,success,79025,48,949
matrix,carried,WebAuthn-false,WebAuthn-true,,true,3,2,,,success,79025,48,949
matrix,stored,WebAuthn-true,WebAuthn-false,,false,0,0,,,success,315658,190,3788
matrix,stored,WebAuthn-true,WebAuthn-false,,false,0,1,,,success,43534,27,523
matrix,stored,WebAuthn-true,WebAuthn-false,,false,0,2,,,success,43534,27,523
matrix,carried,WebAuthn-true,WebAuthn-false,,false,0,0,,,success,62712,38,753
matrix,carried,WebAuthn-true,WebAuthn-false,,false,0,1,,,success,62712,38,753
matrix,carried,WebAuthn-true,WebAuthn-false,,false,0,2,,,success,62712,38,753
matrix,stored,WebAuthn-true,WebAuthn-false,,false,1,0,,,success,818345,492,9821
matrix,stored,WebAuthn-true,WebAuthn-false,,false,1,1,,,success,46221,28,555
matrix,stored,WebAuthn-true,WebAuthn-false,,false,1,2,,,success,46221,28,555
matrix,carried,WebAuthn-true,WebAuthn-false,,false,1,0,,,success,329227,198,3951
matrix,carried,WebAuthn-true,WebAuthn-false,,false,1,1,,,success,82027,50,985
matrix,carried,WebAuthn-true,WebAuthn-false,,false,1,2,,,success,82027,50,985
matrix,stored,WebAuthn-true,WebAuthn-false,,false,2,0,,,success,818445,492,9822
matrix,stored,WebAuthn-true,WebAuthn-false,,false,2,1,,,success,46321,28,556
matrix,stored,WebAuthn-true,WebAuthn-false,,false,2,2,,,success,46321,28,556
matrix,carried,WebAuthn-true,WebAuthn-false,,false,2,0,,,success,331935,200,3984
matrix,carried,WebAuthn-true,WebAuthn-false,,false,2,1,,,success,84735,51,1017
matrix,carried,WebAuthn-true,WebAuthn-false,,false,2,2,,,success,334835,201,4019
matrix,stored,WebAuthn-true,WebAuthn-false,,false,3,0,,,success,2832545,1700,33991
matrix,stored,WebAuthn-true,WebAuthn-false,,false,3,1,,,success,50421,31,606
matrix,stored,WebAuthn-true,WebAuthn-false,,false,3,2,,,success,50421,31,606
matrix,carried,WebAuthn-true,WebAuthn-false,,false,3,0,,,success,330263,199,3964
matrix,carried,WebAuthn-true,WebAuthn-false,,false,3,1,,,success,83063,50,997
matrix,carried,WebAuthn-true,WebAuthn-false,,false,3,2,,,success,83063,50,997
matrix,stored,WebAuthn-true,WebAuthn-false,,true,0,0,,,success,320458,193,3846
matrix,stored,WebAuthn-true,WebAuthn-false,,true,0,1,,,success,48334,30,581
matrix,stored,WebAuthn-true,WebAuthn-false,,true,0,2,,,success,48334,30,581
matrix,carried,WebAuthn-true,WebAuthn-false,,true,0,0,,,success,67412,41,809
matrix,carried,WebAuthn-true,WebAuthn-false,,true,0,1,,,success,67412,41,809
matrix,carried,WebAuthn-true,WebAuthn-false,,true,0,2,,,success,67412,41,809
matrix,stored,WebAuthn-true,WebAuthn-false,,true,1,0,,,success,823145,494,9878
matrix,stored,WebAuthn-true,WebAuthn-false,,true,1,1,,,success,57821,35,694
matrix,stored,WebAuthn-true,WebAuthn-false,,true,1,2,,,success,57821,35,694
matrix,carried,WebAuthn-true,WebAuthn-false,,true,1,0,,,success,325473,196,3906
matrix,carried,WebAuthn-true,WebAuthn-false,,true,1,1,,,success,76173,46,915
matrix,carried,WebAuthn-true,WebAuthn-false,,true,1,2,,,success,76173,46,915
matrix,stored,WebAuthn-true,WebAuthn-false,,true,2,0,,,success,823245,494,9879
matrix,stored,WebAuthn-true,WebAuthn-false,,true,2,1,,,success,57921,35,696
matrix,stored,WebAuthn-true,WebAuthn-false,,true,2,2,,,success,60721,37,729
matrix,carried,WebAuthn-true,WebAuthn-false,,true,2,0,,,success,327827,197,3934
matrix,carried,WebAuthn-true,WebAuthn-false,,true,2,1,,,success,78527,48,943
matrix,carried,WebAuthn-true,WebAuthn-false,,true,2,2,,,success,330727,199,3969
matrix,stored,WebAuthn-true,WebAuthn-false,,true,3,0,,,success,2837345,1703,34049
matrix,stored,WebAuthn-true,WebAuthn-false,,true,3,1,,,success,62021,38,745
matrix,stored,WebAuthn-true,WebAuthn-false,,true,3,2,,,success,62021,38,745
matrix,carried,WebAuthn-true,WebAuthn-false,,true,3,0,,,success,326509,196,3919
matrix,carried,WebAuthn-true,WebAuthn-false,,true,3,1,,,success,77209,47,927
matrix,carried,WebAuthn-true,WebAuthn-false,,true,3,2,,,success,77209,47,927
matrix,stored,WebAuthn-true,WebAuthn-true,,false,0,0,,,success,319666,192,3836
matrix,stored,WebAuthn-true,WebAuthn-true,,false,0,1,,,success,47542,29,571
matrix,stored,WebAuthn-true,WebAuthn-true,,false,0,2,,,success,47542,29,571
matrix,carried,WebAuthn-true,WebAuthn-true,,false,0,0,,,success,66696,41,801
matrix,carried,WebAuthn-true,WebAuthn-true,,false,0,1,,,success,66696,41,801
matrix,carried,WebAuthn-true,WebAuthn-true,,false,0,2,,,success,66696,41,801
matrix,stored,WebAuthn-true,WebAuthn-true,,false,1,0,,,success,822353,494,9869
matrix,stored,WebAuthn-true,WebAuthn-true,,false,1,1,,,success,50229,31,603
matrix,stored,WebAuthn-true,WebAuthn-true,,false,1,2,,,success,50229,31,603
matrix,carried,WebAuthn-true,WebAuthn-true,,false,1,0,,,success,333247,200,3999
matrix,carried,WebAuthn-true,WebAuthn-true,,false,1,1,,,success,86047,52,1033
matrix,carried,WebAuthn-true,WebAuthn-true,,false,1,2,,,success,86047,52,1033
matrix,stored,WebAuthn-true,WebAuthn-true,,false,2,0,,,success,822453,494,9870
matrix,stored,WebAuthn-true,WebAuthn-true,,false,2,1,,,success,50329,31,604
matrix,stored,WebAuthn-true,WebAuthn-true,,false,2,2,,,success,50329,31,604
matrix,carried,WebAuthn-true,WebAuthn-true,,false,2,0,,,success,335955,202,4032
matrix,carried,WebAuthn-true,WebAuthn-true,,false,2,1,,,success,88755,54,1066
matrix,carried,WebAuthn-true,WebAuthn-true,,false,2,2,,,success,338855,204,4067
matrix,stored,WebAuthn-true,WebAuthn-true,,false,3,0,,,success,2836553,1702,34039
matrix,stored,WebAuthn-true,WebAuthn-true,,false,3,1,,,success,54429,33,654
matrix,stored,WebAuthn-true,WebAuthn-true,,false,3,2,,,success,54429,33,654
matrix,carried,WebAuthn-true,WebAuthn-true,,false,3,0,,,success,334271,201,4012
matrix,carried,WebAuthn-true,WebAuthn-true,,false,3,1,,,success,87071,53,1045
matrix,carried,WebAuthn-true,WebAuthn-true,,false,3,2,,,success,87071,53,1045
matrix,stored,WebAuthn-true,WebAuthn-true,,true,0,0,,,success,324466,195,3894
matrix,stored,WebAuthn-true,WebAuthn-true,,true,0,1,,,success,52342,32,629
matrix,stored,WebAuthn-true,WebAuthn-true,,true,0,2,,,success,52342,32,629
matrix,carried,WebAuthn-true,WebAuthn-true,,true,0,0,,,success,71396,43,857
matrix,carried,WebAuthn-true,WebAuthn-true,,true,0,1,,,success,71396,43,857
matrix,carried,WebAuthn-true,WebAuthn-true,,true,0,2,,,success,71396,43,857
matrix,stored,WebAuthn-true,WebAuthn-true,,true,1,0,,,success,827153,497,9926
matrix,stored,WebAuthn-true,WebAuthn-true,,true,1,1,,,success,61829,38,742
matrix,stored,WebAuthn-true,WebAuthn-true,,true,1,2,,,success,61829,38,742
matrix,carried,WebAuthn-true,WebAuthn-true,,true,1,0,,,success,329493,198,3954
matrix,carried,WebAuthn-true,WebAuthn-true,,true,1,1,,,success,80193,49,963
matrix,carried,WebAuthn-true,WebAuthn-true,,true,1,2,,,success,80193,49,963
matrix,stored,WebAuthn-true,WebAuthn-true,,true,2,0,,,success,827253,497,9928
matrix,stored,WebAuthn-true,WebAuthn-true,,true,2,1,,,success,61929,38,744
matrix,stored,WebAuthn-true,WebAuthn-true,,true,2,2,,,success,64729,39,777
matrix,carried,WebAuthn-true,WebAuthn-true,,true,2,0,,,success,331847,200,3983
matrix,carried,WebAuthn-true,WebAuthn-true,,true,2,1,,,success,82547,50,991
matrix,carried,WebAuthn-true,WebAuthn-true,,true,2,2,,,success,334747,201,4017
matrix,stored,WebAuthn-true,WebAuthn-true,,true,3,0,,,success,2841353,1705,34097
matrix,stored,WebAuthn-true,WebAuthn-true,,true,3,1,,,success,66029,40,793
matrix,stored,WebAuthn-true,WebAuthn-true,,true,3,2,,,success,66029,40,793
matrix,carried,WebAuthn-true,WebAuthn-true,,true,3,0,,,success,330517,199,3967
matrix,carried,WebAuthn-true,WebAuthn-true,,true,3,1,,,success,81217,49,975
matrix,carried,WebAuthn-true,WebAuthn-true,,true,3,2,,,success,81217,49,975
boundary,stored,,,,false,,,max-webauthn,,success,873481,525,10482
boundary,carried,,,,false,,,max-webauthn,,success,388321,233,4660
boundary,stored,,,,true,,,max-webauthn,,success,878281,527,10540
boundary,carried,,,,true,,,max-webauthn,,success,384567,231,4615
boundary,stored,,,,false,,,two-eight-owner-quorums,,success,855565,514,10267
boundary,carried,,,,false,,,two-eight-owner-quorums,,success,373829,225,4486
boundary,stored,,,,true,,,two-eight-owner-quorums,,success,860365,517,10325
boundary,carried,,,,true,,,two-eight-owner-quorums,,success,370075,223,4441
boundary,stored,,,,false,,,32-calls,,success,1082060,650,12985
boundary,carried,,,,false,,,32-calls,,success,614890,369,7379
boundary,stored,,,,true,,,32-calls,,success,1086860,653,13043
boundary,carried,,,,true,,,32-calls,,success,611136,367,7334
boundary,stored,,,,false,,,120-recipients,,rejected,0,,
boundary,carried,,,,false,,,120-recipients,,success,336293,202,4036
boundary,stored,,,,true,,,120-recipients,,rejected,0,,
boundary,carried,,,,true,,,120-recipients,,success,332539,200,3991
boundary,stored,,,,false,,,new-account,,success,1052905,632,12635
boundary,carried,,,,false,,,new-account,,success,561369,337,6737
boundary,stored,,,,true,,,new-account,,success,1057705,635,12693
boundary,carried,,,,true,,,new-account,,success,557615,335,6692
boundary,stored,,,,false,,,new-configurable-accounts,,success,1098513,660,13183
boundary,carried,,,,false,,,new-configurable-accounts,,success,607729,365,7293
boundary,stored,,,,true,,,new-configurable-accounts,,success,1103313,662,13240
boundary,carried,,,,true,,,new-configurable-accounts,,success,603975,363,7248
boundary,stored,,,,false,,,warm-counter-access-list,,success,807205,485,9687
boundary,carried,,,,false,,,warm-counter-access-list,,success,315669,190,3789
boundary,stored,,,,true,,,warm-counter-access-list,,success,812005,488,9745
boundary,carried,,,,true,,,warm-counter-access-list,,success,309915,186,3719
boundary,stored,,,,false,,,late-first-period,,success,803005,482,9637
boundary,carried,,,,false,,,late-first-period,,success,564177,339,6771
boundary,stored,,,,true,,,late-first-period,,success,807805,485,9694
boundary,carried,,,,true,,,late-first-period,,success,560169,337,6723
failure,stored,,,false,false,,,,scope,failed-execution,28772,18,346
failure,carried,,,false,false,,,,scope,failed-execution,49798,30,598
failure,stored,,,false,true,,,,scope,failed-execution,28772,18,346
failure,carried,,,false,true,,,,scope,failed-execution,36344,22,437
failure,stored,,,true,false,,,,scope,failed-execution,32780,20,394
failure,carried,,,true,false,,,,scope,failed-execution,55950,34,672
failure,stored,,,true,true,,,,scope,failed-execution,32780,20,394
failure,carried,,,true,true,,,,scope,failed-execution,42496,26,510
failure,stored,,,false,false,,,,revert,failed-execution,26676,17,321
failure,carried,,,false,false,,,,revert,failed-execution,48774,30,586
failure,stored,,,false,true,,,,revert,failed-execution,26676,17,321
failure,carried,,,false,true,,,,revert,failed-execution,35320,22,424
failure,stored,,,true,false,,,,revert,failed-execution,30684,19,369
failure,carried,,,true,false,,,,revert,failed-execution,54942,33,660
failure,stored,,,true,true,,,,revert,failed-execution,30684,19,369
failure,carried,,,true,true,,,,revert,failed-execution,41488,25,498
failure,stored,,,false,false,,,,out-of-gas,failed-execution,500000,300,6000
failure,carried,,,false,false,,,,out-of-gas,failed-execution,500000,300,6000
failure,stored,,,false,true,,,,out-of-gas,failed-execution,500000,300,6000
failure,carried,,,false,true,,,,out-of-gas,failed-execution,500000,300,6000
failure,stored,,,true,false,,,,out-of-gas,failed-execution,500000,300,6000
failure,carried,,,true,false,,,,out-of-gas,failed-execution,500000,300,6000
failure,stored,,,true,true,,,,out-of-gas,failed-execution,500000,300,6000
failure,carried,,,true,true,,,,out-of-gas,failed-execution,500000,300,6000
